contract,category,stratum,word_count,n_spans,strict_json_ok,parse_error,call_error,tokens_in,tokens_out,finish_reason,latency_s,cost_usd,raw_path
RMRGROUPINC_01_22_2020-EX-99.1-JOINT FILING AGREEMENT.txt,Governing Law,short,109,0,True,,,356,6,stop,1.99,0.00025,results/raw/20260818T161122__extraction-v2__deepseek-v4-pro__RMRGROUPINC_01_22_2020-EX-99.1-JOINT_FIL__Governing-Law.txt
RMRGROUPINC_01_22_2020-EX-99.1-JOINT FILING AGREEMENT.txt,Expiration Date,short,109,0,True,,,353,6,stop,1.39,0.00024,results/raw/20260818T161123__extraction-v2__deepseek-v4-pro__RMRGROUPINC_01_22_2020-EX-99.1-JOINT_FIL__Expiration-Date.txt
RMRGROUPINC_01_22_2020-EX-99.1-JOINT FILING AGREEMENT.txt,Termination For Convenience,short,109,0,True,,,398,6,stop,1.46,0.00027,results/raw/20260818T161125__extraction-v2__deepseek-v4-pro__RMRGROUPINC_01_22_2020-EX-99.1-JOINT_FIL__Termination-For-Convenience.txt
RMRGROUPINC_01_22_2020-EX-99.1-JOINT FILING AGREEMENT.txt,Cap On Liability,short,109,0,True,,,375,6,stop,1.47,0.00026,results/raw/20260818T161126__extraction-v2__deepseek-v4-pro__RMRGROUPINC_01_22_2020-EX-99.1-JOINT_FIL__Cap-On-Liability.txt
RMRGROUPINC_01_22_2020-EX-99.1-JOINT FILING AGREEMENT.txt,Ip Ownership Assignment,short,109,0,True,,,412,6,stop,1.41,0.00028,results/raw/20260818T161128__extraction-v2__deepseek-v4-pro__RMRGROUPINC_01_22_2020-EX-99.1-JOINT_FIL__Ip-Ownership-Assignment.txt
RMRGROUPINC_01_22_2020-EX-99.1-JOINT FILING AGREEMENT.txt,Non-Compete,short,109,0,True,,,370,6,stop,1.3,0.00026,results/raw/20260818T161129__extraction-v2__deepseek-v4-pro__RMRGROUPINC_01_22_2020-EX-99.1-JOINT_FIL__Non-Compete.txt
BANGIINC_05_25_2005-EX-10-Premium Managed Hosting Agreement.txt,Governing Law,short,302,0,True,,,648,6,stop,1.42,0.00044,results/raw/20260818T161131__extraction-v2__deepseek-v4-pro__BANGIINC_05_25_2005-EX-10-Premium_Manage__Governing-Law.txt
BANGIINC_05_25_2005-EX-10-Premium Managed Hosting Agreement.txt,Expiration Date,short,302,1,True,,,645,31,stop,1.73,0.00049,results/raw/20260818T161132__extraction-v2__deepseek-v4-pro__BANGIINC_05_25_2005-EX-10-Premium_Manage__Expiration-Date.txt
BANGIINC_05_25_2005-EX-10-Premium Managed Hosting Agreement.txt,Termination For Convenience,short,302,0,True,,,690,6,stop,1.46,0.00047,results/raw/20260818T161134__extraction-v2__deepseek-v4-pro__BANGIINC_05_25_2005-EX-10-Premium_Manage__Termination-For-Convenience.txt
BANGIINC_05_25_2005-EX-10-Premium Managed Hosting Agreement.txt,Cap On Liability,short,302,0,True,,,667,6,stop,1.38,0.00045,results/raw/20260818T161135__extraction-v2__deepseek-v4-pro__BANGIINC_05_25_2005-EX-10-Premium_Manage__Cap-On-Liability.txt
BANGIINC_05_25_2005-EX-10-Premium Managed Hosting Agreement.txt,Ip Ownership Assignment,short,302,0,True,,,704,6,stop,1.22,0.00048,results/raw/20260818T161136__extraction-v2__deepseek-v4-pro__BANGIINC_05_25_2005-EX-10-Premium_Manage__Ip-Ownership-Assignment.txt
BANGIINC_05_25_2005-EX-10-Premium Managed Hosting Agreement.txt,Non-Compete,short,302,0,True,,,662,6,stop,1.43,0.00045,results/raw/20260818T161138__extraction-v2__deepseek-v4-pro__BANGIINC_05_25_2005-EX-10-Premium_Manage__Non-Compete.txt
GridironBionutrientsInc_20171206_8-K_EX-10.2_10972556_EX-10.2_Endorsement Agreement.txt,Governing Law,short,529,0,True,,,1054,6,stop,1.35,0.00071,results/raw/20260818T161139__extraction-v2__deepseek-v4-pro__GridironBionutrientsInc_20171206_8-K_EX-__Governing-Law.txt
GridironBionutrientsInc_20171206_8-K_EX-10.2_10972556_EX-10.2_Endorsement Agreement.txt,Expiration Date,short,529,0,True,,,1051,6,stop,1.78,0.00071,results/raw/20260818T161141__extraction-v2__deepseek-v4-pro__GridironBionutrientsInc_20171206_8-K_EX-__Expiration-Date.txt
GridironBionutrientsInc_20171206_8-K_EX-10.2_10972556_EX-10.2_Endorsement Agreement.txt,Termination For Convenience,short,529,0,True,,,1096,6,stop,1.43,0.00074,results/raw/20260818T161142__extraction-v2__deepseek-v4-pro__GridironBionutrientsInc_20171206_8-K_EX-__Termination-For-Convenience.txt
GridironBionutrientsInc_20171206_8-K_EX-10.2_10972556_EX-10.2_Endorsement Agreement.txt,Cap On Liability,short,529,0,True,,,1073,6,stop,1.52,0.00072,results/raw/20260818T161144__extraction-v2__deepseek-v4-pro__GridironBionutrientsInc_20171206_8-K_EX-__Cap-On-Liability.txt
GridironBionutrientsInc_20171206_8-K_EX-10.2_10972556_EX-10.2_Endorsement Agreement.txt,Ip Ownership Assignment,short,529,0,True,,,1110,6,stop,1.65,0.00074,results/raw/20260818T161146__extraction-v2__deepseek-v4-pro__GridironBionutrientsInc_20171206_8-K_EX-__Ip-Ownership-Assignment.txt
GridironBionutrientsInc_20171206_8-K_EX-10.2_10972556_EX-10.2_Endorsement Agreement.txt,Non-Compete,short,529,0,True,,,1068,6,stop,1.46,0.00072,results/raw/20260818T161147__extraction-v2__deepseek-v4-pro__GridironBionutrientsInc_20171206_8-K_EX-__Non-Compete.txt
CardlyticsInc_20180112_S-1_EX-10.16_11002987_EX-10.16_Maintenance Agreement4.txt,Governing Law,short,756,0,True,,,1349,6,stop,1.35,0.0009,results/raw/20260818T161148__extraction-v2__deepseek-v4-pro__CardlyticsInc_20180112_S-1_EX-10.16_1100__Governing-Law.txt
CardlyticsInc_20180112_S-1_EX-10.16_11002987_EX-10.16_Maintenance Agreement4.txt,Expiration Date,short,756,0,True,,,1346,6,stop,1.83,0.0009,results/raw/20260818T161150__extraction-v2__deepseek-v4-pro__CardlyticsInc_20180112_S-1_EX-10.16_1100__Expiration-Date.txt
CardlyticsInc_20180112_S-1_EX-10.16_11002987_EX-10.16_Maintenance Agreement4.txt,Termination For Convenience,short,756,0,True,,,1391,6,stop,1.57,0.00093,results/raw/20260818T161152__extraction-v2__deepseek-v4-pro__CardlyticsInc_20180112_S-1_EX-10.16_1100__Termination-For-Convenience.txt
CardlyticsInc_20180112_S-1_EX-10.16_11002987_EX-10.16_Maintenance Agreement4.txt,Cap On Liability,short,756,0,True,,,1368,6,stop,1.3,0.00091,results/raw/20260818T161153__extraction-v2__deepseek-v4-pro__CardlyticsInc_20180112_S-1_EX-10.16_1100__Cap-On-Liability.txt
CardlyticsInc_20180112_S-1_EX-10.16_11002987_EX-10.16_Maintenance Agreement4.txt,Ip Ownership Assignment,short,756,0,True,,,1405,6,stop,1.38,0.00094,results/raw/20260818T161154__extraction-v2__deepseek-v4-pro__CardlyticsInc_20180112_S-1_EX-10.16_1100__Ip-Ownership-Assignment.txt
CardlyticsInc_20180112_S-1_EX-10.16_11002987_EX-10.16_Maintenance Agreement4.txt,Non-Compete,short,756,0,True,,,1363,6,stop,1.37,0.00091,results/raw/20260818T161156__extraction-v2__deepseek-v4-pro__CardlyticsInc_20180112_S-1_EX-10.16_1100__Non-Compete.txt
"GRIDIRONBIONUTRIENTS,INC_02_05_2020-EX-10.3-SUPPLY AGREEMENT.txt",Governing Law,short,903,1,True,,,1388,46,stop,1.68,0.00101,"results/raw/20260818T161158__extraction-v2__deepseek-v4-pro__GRIDIRONBIONUTRIENTS,INC_02_05_2020-EX-1__Governing-Law.txt"
"GRIDIRONBIONUTRIENTS,INC_02_05_2020-EX-10.3-SUPPLY AGREEMENT.txt",Expiration Date,short,903,0,True,,,1385,6,stop,1.28,0.00093,"results/raw/20260818T161159__extraction-v2__deepseek-v4-pro__GRIDIRONBIONUTRIENTS,INC_02_05_2020-EX-1__Expiration-Date.txt"
"GRIDIRONBIONUTRIENTS,INC_02_05_2020-EX-10.3-SUPPLY AGREEMENT.txt",Termination For Convenience,short,903,1,True,,,1430,22,stop,1.57,0.00099,"results/raw/20260818T161200__extraction-v2__deepseek-v4-pro__GRIDIRONBIONUTRIENTS,INC_02_05_2020-EX-1__Termination-For-Convenience.txt"
"GRIDIRONBIONUTRIENTS,INC_02_05_2020-EX-10.3-SUPPLY AGREEMENT.txt",Cap On Liability,short,903,0,True,,,1407,6,stop,1.23,0.00094,"results/raw/20260818T161202__extraction-v2__deepseek-v4-pro__GRIDIRONBIONUTRIENTS,INC_02_05_2020-EX-1__Cap-On-Liability.txt"
"GRIDIRONBIONUTRIENTS,INC_02_05_2020-EX-10.3-SUPPLY AGREEMENT.txt",Ip Ownership Assignment,short,903,0,True,,,1444,6,stop,1.41,0.00096,"results/raw/20260818T161203__extraction-v2__deepseek-v4-pro__GRIDIRONBIONUTRIENTS,INC_02_05_2020-EX-1__Ip-Ownership-Assignment.txt"
"GRIDIRONBIONUTRIENTS,INC_02_05_2020-EX-10.3-SUPPLY AGREEMENT.txt",Non-Compete,short,903,0,True,,,1402,6,stop,1.44,0.00094,"results/raw/20260818T161205__extraction-v2__deepseek-v4-pro__GRIDIRONBIONUTRIENTS,INC_02_05_2020-EX-1__Non-Compete.txt"
FEDERATEDGOVERNMENTINCOMESECURITIESINC_04_28_2020-EX-99.SERV AGREE-SERVICES AGREEMENT.txt,Governing Law,short,1762,1,True,,,2398,30,stop,1.49,0.00164,results/raw/20260818T161206__extraction-v2__deepseek-v4-pro__FEDERATEDGOVERNMENTINCOMESECURITIESINC_0__Governing-Law.txt
FEDERATEDGOVERNMENTINCOMESECURITIESINC_04_28_2020-EX-99.SERV AGREE-SERVICES AGREEMENT.txt,Expiration Date,short,1762,1,True,,,2395,61,stop,2.0,0.0017,results/raw/20260818T161208__extraction-v2__deepseek-v4-pro__FEDERATEDGOVERNMENTINCOMESECURITIESINC_0__Expiration-Date.txt
FEDERATEDGOVERNMENTINCOMESECURITIESINC_04_28_2020-EX-99.SERV AGREE-SERVICES AGREEMENT.txt,Termination For Convenience,short,1762,1,True,,,2440,71,stop,1.66,0.00175,results/raw/20260818T161210__extraction-v2__deepseek-v4-pro__FEDERATEDGOVERNMENTINCOMESECURITIESINC_0__Termination-For-Convenience.txt
FEDERATEDGOVERNMENTINCOMESECURITIESINC_04_28_2020-EX-99.SERV AGREE-SERVICES AGREEMENT.txt,Cap On Liability,short,1762,3,True,,,2417,570,stop,3.7,0.00272,results/raw/20260818T161213__extraction-v2__deepseek-v4-pro__FEDERATEDGOVERNMENTINCOMESECURITIESINC_0__Cap-On-Liability.txt
FEDERATEDGOVERNMENTINCOMESECURITIESINC_04_28_2020-EX-99.SERV AGREE-SERVICES AGREEMENT.txt,Ip Ownership Assignment,short,1762,0,True,,,2454,6,stop,1.41,0.00163,results/raw/20260818T161215__extraction-v2__deepseek-v4-pro__FEDERATEDGOVERNMENTINCOMESECURITIESINC_0__Ip-Ownership-Assignment.txt
FEDERATEDGOVERNMENTINCOMESECURITIESINC_04_28_2020-EX-99.SERV AGREE-SERVICES AGREEMENT.txt,Non-Compete,short,1762,0,True,,,2412,6,stop,1.47,0.0016,results/raw/20260818T161216__extraction-v2__deepseek-v4-pro__FEDERATEDGOVERNMENTINCOMESECURITIESINC_0__Non-Compete.txt
ImperialGardenResortInc_20161028_DRS (on F-1)_EX-10.13_9963189_EX-10.13_Outsourcing Agreement.txt,Governing Law,short,1849,1,True,,,2718,55,stop,1.7,0.0019,results/raw/20260818T161218__extraction-v2__deepseek-v4-pro__ImperialGardenResortInc_20161028_DRS_(on__Governing-Law.txt
ImperialGardenResortInc_20161028_DRS (on F-1)_EX-10.13_9963189_EX-10.13_Outsourcing Agreement.txt,Expiration Date,short,1849,0,True,,,2715,6,stop,1.89,0.0018,results/raw/20260818T161220__extraction-v2__deepseek-v4-pro__ImperialGardenResortInc_20161028_DRS_(on__Expiration-Date.txt
ImperialGardenResortInc_20161028_DRS (on F-1)_EX-10.13_9963189_EX-10.13_Outsourcing Agreement.txt,Termination For Convenience,short,1849,0,True,,,2760,6,stop,1.52,0.00183,results/raw/20260818T161221__extraction-v2__deepseek-v4-pro__ImperialGardenResortInc_20161028_DRS_(on__Termination-For-Convenience.txt
ImperialGardenResortInc_20161028_DRS (on F-1)_EX-10.13_9963189_EX-10.13_Outsourcing Agreement.txt,Cap On Liability,short,1849,0,True,,,2737,6,stop,1.26,0.00182,results/raw/20260818T161223__extraction-v2__deepseek-v4-pro__ImperialGardenResortInc_20161028_DRS_(on__Cap-On-Liability.txt
ImperialGardenResortInc_20161028_DRS (on F-1)_EX-10.13_9963189_EX-10.13_Outsourcing Agreement.txt,Ip Ownership Assignment,short,1849,0,True,,,2774,6,stop,1.58,0.00184,results/raw/20260818T161224__extraction-v2__deepseek-v4-pro__ImperialGardenResortInc_20161028_DRS_(on__Ip-Ownership-Assignment.txt
ImperialGardenResortInc_20161028_DRS (on F-1)_EX-10.13_9963189_EX-10.13_Outsourcing Agreement.txt,Non-Compete,short,1849,0,True,,,2732,6,stop,1.52,0.00181,results/raw/20260818T161226__extraction-v2__deepseek-v4-pro__ImperialGardenResortInc_20161028_DRS_(on__Non-Compete.txt
REWALKROBOTICSLTD_07_10_2014-EX-10.2-STRATEGIC ALLIANCE AGREEMENT.txt,Governing Law,short,2320,1,True,,,3322,60,stop,1.79,0.00231,results/raw/20260818T161228__extraction-v2__deepseek-v4-pro__REWALKROBOTICSLTD_07_10_2014-EX-10.2-STR__Governing-Law.txt
REWALKROBOTICSLTD_07_10_2014-EX-10.2-STRATEGIC ALLIANCE AGREEMENT.txt,Expiration Date,short,2320,1,True,,,3319,78,stop,1.96,0.00234,results/raw/20260818T161230__extraction-v2__deepseek-v4-pro__REWALKROBOTICSLTD_07_10_2014-EX-10.2-STR__Expiration-Date.txt
REWALKROBOTICSLTD_07_10_2014-EX-10.2-STRATEGIC ALLIANCE AGREEMENT.txt,Termination For Convenience,short,2320,1,True,,,3364,44,stop,1.77,0.00231,results/raw/20260818T161231__extraction-v2__deepseek-v4-pro__REWALKROBOTICSLTD_07_10_2014-EX-10.2-STR__Termination-For-Convenience.txt
REWALKROBOTICSLTD_07_10_2014-EX-10.2-STRATEGIC ALLIANCE AGREEMENT.txt,Cap On Liability,short,2320,0,True,,,3341,6,stop,1.54,0.00222,results/raw/20260818T161233__extraction-v2__deepseek-v4-pro__REWALKROBOTICSLTD_07_10_2014-EX-10.2-STR__Cap-On-Liability.txt
REWALKROBOTICSLTD_07_10_2014-EX-10.2-STRATEGIC ALLIANCE AGREEMENT.txt,Ip Ownership Assignment,short,2320,0,True,,,3378,6,stop,1.7,0.00224,results/raw/20260818T161235__extraction-v2__deepseek-v4-pro__REWALKROBOTICSLTD_07_10_2014-EX-10.2-STR__Ip-Ownership-Assignment.txt
REWALKROBOTICSLTD_07_10_2014-EX-10.2-STRATEGIC ALLIANCE AGREEMENT.txt,Non-Compete,short,2320,0,True,,,3336,6,stop,1.53,0.00221,results/raw/20260818T161236__extraction-v2__deepseek-v4-pro__REWALKROBOTICSLTD_07_10_2014-EX-10.2-STR__Non-Compete.txt
MorganStanleyDirectLendingFund_20191119_10-12GA_EX-10.5_11898508_EX-10.5_Trademark License Agreement.txt,Governing Law,short,2438,1,True,,,3816,41,stop,1.89,0.0026,results/raw/20260818T161238__extraction-v2__deepseek-v4-pro__MorganStanleyDirectLendingFund_20191119___Governing-Law.txt
MorganStanleyDirectLendingFund_20191119_10-12GA_EX-10.5_11898508_EX-10.5_Trademark License Agreement.txt,Expiration Date,short,2438,1,True,,,3813,47,stop,1.99,0.00261,results/raw/20260818T161240__extraction-v2__deepseek-v4-pro__MorganStanleyDirectLendingFund_20191119___Expiration-Date.txt
MorganStanleyDirectLendingFund_20191119_10-12GA_EX-10.5_11898508_EX-10.5_Trademark License Agreement.txt,Termination For Convenience,short,2438,1,True,,,3858,40,stop,2.13,0.00263,results/raw/20260818T161242__extraction-v2__deepseek-v4-pro__MorganStanleyDirectLendingFund_20191119___Termination-For-Convenience.txt
MorganStanleyDirectLendingFund_20191119_10-12GA_EX-10.5_11898508_EX-10.5_Trademark License Agreement.txt,Cap On Liability,short,2438,1,True,,,3835,118,stop,2.2,0.00276,results/raw/20260818T161244__extraction-v2__deepseek-v4-pro__MorganStanleyDirectLendingFund_20191119___Cap-On-Liability.txt
MorganStanleyDirectLendingFund_20191119_10-12GA_EX-10.5_11898508_EX-10.5_Trademark License Agreement.txt,Ip Ownership Assignment,short,2438,1,True,,,3872,66,stop,1.88,0.00269,results/raw/20260818T161246__extraction-v2__deepseek-v4-pro__MorganStanleyDirectLendingFund_20191119___Ip-Ownership-Assignment.txt
MorganStanleyDirectLendingFund_20191119_10-12GA_EX-10.5_11898508_EX-10.5_Trademark License Agreement.txt,Non-Compete,short,2438,0,True,,,3830,6,stop,1.66,0.00254,results/raw/20260818T161248__extraction-v2__deepseek-v4-pro__MorganStanleyDirectLendingFund_20191119___Non-Compete.txt
GULFSOUTHMEDICALSUPPLYINC_12_24_1997-EX-4-AFFILIATE AGREEMENT.txt,Governing Law,short,2765,1,True,,,4472,22,stop,1.72,0.003,results/raw/20260818T161250__extraction-v2__deepseek-v4-pro__GULFSOUTHMEDICALSUPPLYINC_12_24_1997-EX-__Governing-Law.txt
GULFSOUTHMEDICALSUPPLYINC_12_24_1997-EX-4-AFFILIATE AGREEMENT.txt,Expiration Date,short,2765,0,True,,,4469,6,stop,1.72,0.00296,results/raw/20260818T161251__extraction-v2__deepseek-v4-pro__GULFSOUTHMEDICALSUPPLYINC_12_24_1997-EX-__Expiration-Date.txt
GULFSOUTHMEDICALSUPPLYINC_12_24_1997-EX-4-AFFILIATE AGREEMENT.txt,Termination For Convenience,short,2765,0,True,,,4514,6,stop,1.77,0.00299,results/raw/20260818T161253__extraction-v2__deepseek-v4-pro__GULFSOUTHMEDICALSUPPLYINC_12_24_1997-EX-__Termination-For-Convenience.txt
GULFSOUTHMEDICALSUPPLYINC_12_24_1997-EX-4-AFFILIATE AGREEMENT.txt,Cap On Liability,short,2765,0,True,,,4491,6,stop,1.85,0.00298,results/raw/20260818T161255__extraction-v2__deepseek-v4-pro__GULFSOUTHMEDICALSUPPLYINC_12_24_1997-EX-__Cap-On-Liability.txt
GULFSOUTHMEDICALSUPPLYINC_12_24_1997-EX-4-AFFILIATE AGREEMENT.txt,Ip Ownership Assignment,short,2765,0,True,,,4528,6,stop,1.56,0.003,results/raw/20260818T161257__extraction-v2__deepseek-v4-pro__GULFSOUTHMEDICALSUPPLYINC_12_24_1997-EX-__Ip-Ownership-Assignment.txt
GULFSOUTHMEDICALSUPPLYINC_12_24_1997-EX-4-AFFILIATE AGREEMENT.txt,Non-Compete,short,2765,0,True,,,4486,6,stop,1.73,0.00297,results/raw/20260818T161258__extraction-v2__deepseek-v4-pro__GULFSOUTHMEDICALSUPPLYINC_12_24_1997-EX-__Non-Compete.txt
NEONSYSTEMSINC_03_01_1999-EX-10.5-DISTRIBUTOR AGREEMENT_Amendment.txt,Governing Law,short,2848,1,True,,,4388,27,stop,1.67,0.00295,results/raw/20260818T161300__extraction-v2__deepseek-v4-pro__NEONSYSTEMSINC_03_01_1999-EX-10.5-DISTRI__Governing-Law.txt
NEONSYSTEMSINC_03_01_1999-EX-10.5-DISTRIBUTOR AGREEMENT_Amendment.txt,Expiration Date,short,2848,1,True,,,4385,98,stop,2.39,0.00309,results/raw/20260818T161302__extraction-v2__deepseek-v4-pro__NEONSYSTEMSINC_03_01_1999-EX-10.5-DISTRI__Expiration-Date.txt
NEONSYSTEMSINC_03_01_1999-EX-10.5-DISTRIBUTOR AGREEMENT_Amendment.txt,Termination For Convenience,short,2848,0,True,,,4430,6,stop,2.0,0.00294,results/raw/20260818T161304__extraction-v2__deepseek-v4-pro__NEONSYSTEMSINC_03_01_1999-EX-10.5-DISTRI__Termination-For-Convenience.txt
NEONSYSTEMSINC_03_01_1999-EX-10.5-DISTRIBUTOR AGREEMENT_Amendment.txt,Cap On Liability,short,2848,1,True,,,4407,73,stop,1.84,0.00305,results/raw/20260818T161306__extraction-v2__deepseek-v4-pro__NEONSYSTEMSINC_03_01_1999-EX-10.5-DISTRI__Cap-On-Liability.txt
NEONSYSTEMSINC_03_01_1999-EX-10.5-DISTRIBUTOR AGREEMENT_Amendment.txt,Ip Ownership Assignment,short,2848,0,True,,,4444,6,stop,1.67,0.00294,results/raw/20260818T161308__extraction-v2__deepseek-v4-pro__NEONSYSTEMSINC_03_01_1999-EX-10.5-DISTRI__Ip-Ownership-Assignment.txt
NEONSYSTEMSINC_03_01_1999-EX-10.5-DISTRIBUTOR AGREEMENT_Amendment.txt,Non-Compete,short,2848,0,True,,,4402,6,stop,1.64,0.00292,results/raw/20260818T161310__extraction-v2__deepseek-v4-pro__NEONSYSTEMSINC_03_01_1999-EX-10.5-DISTRI__Non-Compete.txt
"XLITECHNOLOGIES,INC_12_11_2015-EX-10.1-Sponsorship Agreement.txt",Governing Law,short,2851,0,True,,,3987,6,stop,1.41,0.00264,"results/raw/20260818T161311__extraction-v2__deepseek-v4-pro__XLITECHNOLOGIES,INC_12_11_2015-EX-10.1-S__Governing-Law.txt"
"XLITECHNOLOGIES,INC_12_11_2015-EX-10.1-Sponsorship Agreement.txt",Expiration Date,short,2851,1,True,,,3984,36,stop,2.11,0.0027,"results/raw/20260818T161313__extraction-v2__deepseek-v4-pro__XLITECHNOLOGIES,INC_12_11_2015-EX-10.1-S__Expiration-Date.txt"
"XLITECHNOLOGIES,INC_12_11_2015-EX-10.1-Sponsorship Agreement.txt",Termination For Convenience,short,2851,0,True,,,4029,6,stop,1.47,0.00267,"results/raw/20260818T161315__extraction-v2__deepseek-v4-pro__XLITECHNOLOGIES,INC_12_11_2015-EX-10.1-S__Termination-For-Convenience.txt"
"XLITECHNOLOGIES,INC_12_11_2015-EX-10.1-Sponsorship Agreement.txt",Cap On Liability,short,2851,0,True,,,4006,6,stop,1.5,0.00266,"results/raw/20260818T161316__extraction-v2__deepseek-v4-pro__XLITECHNOLOGIES,INC_12_11_2015-EX-10.1-S__Cap-On-Liability.txt"
"XLITECHNOLOGIES,INC_12_11_2015-EX-10.1-Sponsorship Agreement.txt",Ip Ownership Assignment,short,2851,0,True,,,4043,6,stop,1.51,0.00268,"results/raw/20260818T161318__extraction-v2__deepseek-v4-pro__XLITECHNOLOGIES,INC_12_11_2015-EX-10.1-S__Ip-Ownership-Assignment.txt"
"XLITECHNOLOGIES,INC_12_11_2015-EX-10.1-Sponsorship Agreement.txt",Non-Compete,short,2851,0,True,,,4001,6,stop,1.46,0.00265,"results/raw/20260818T161319__extraction-v2__deepseek-v4-pro__XLITECHNOLOGIES,INC_12_11_2015-EX-10.1-S__Non-Compete.txt"
ORBSATCORP_08_17_2007-EX-7.3-STRATEGIC ALLIANCE AGREEMENT.txt,Governing Law,short,2909,0,True,,,3960,6,stop,1.67,0.00263,results/raw/20260818T161321__extraction-v2__deepseek-v4-pro__ORBSATCORP_08_17_2007-EX-7.3-STRATEGIC_A__Governing-Law.txt
ORBSATCORP_08_17_2007-EX-7.3-STRATEGIC ALLIANCE AGREEMENT.txt,Expiration Date,short,2909,1,True,,,3957,21,stop,1.63,0.00265,results/raw/20260818T161322__extraction-v2__deepseek-v4-pro__ORBSATCORP_08_17_2007-EX-7.3-STRATEGIC_A__Expiration-Date.txt
ORBSATCORP_08_17_2007-EX-7.3-STRATEGIC ALLIANCE AGREEMENT.txt,Termination For Convenience,short,2909,1,True,,,4002,22,stop,1.52,0.00268,results/raw/20260818T161324__extraction-v2__deepseek-v4-pro__ORBSATCORP_08_17_2007-EX-7.3-STRATEGIC_A__Termination-For-Convenience.txt
ORBSATCORP_08_17_2007-EX-7.3-STRATEGIC ALLIANCE AGREEMENT.txt,Cap On Liability,short,2909,0,True,,,3979,6,stop,1.3,0.00264,results/raw/20260818T161325__extraction-v2__deepseek-v4-pro__ORBSATCORP_08_17_2007-EX-7.3-STRATEGIC_A__Cap-On-Liability.txt
ORBSATCORP_08_17_2007-EX-7.3-STRATEGIC ALLIANCE AGREEMENT.txt,Ip Ownership Assignment,short,2909,0,True,,,4016,6,stop,1.67,0.00266,results/raw/20260818T161327__extraction-v2__deepseek-v4-pro__ORBSATCORP_08_17_2007-EX-7.3-STRATEGIC_A__Ip-Ownership-Assignment.txt
ORBSATCORP_08_17_2007-EX-7.3-STRATEGIC ALLIANCE AGREEMENT.txt,Non-Compete,short,2909,3,True,,,3974,192,stop,2.34,0.003,results/raw/20260818T161329__extraction-v2__deepseek-v4-pro__ORBSATCORP_08_17_2007-EX-7.3-STRATEGIC_A__Non-Compete.txt
WEBHELPCOMINC_03_22_2000-EX-10.8-HOSTING AGREEMENT.txt,Governing Law,medium,2955,1,True,,,4143,32,stop,1.7,0.0028,results/raw/20260818T161331__extraction-v2__deepseek-v4-pro__WEBHELPCOMINC_03_22_2000-EX-10.8-HOSTING__Governing-Law.txt
WEBHELPCOMINC_03_22_2000-EX-10.8-HOSTING AGREEMENT.txt,Expiration Date,medium,2955,1,True,,,4140,72,stop,1.73,0.00287,results/raw/20260818T161333__extraction-v2__deepseek-v4-pro__WEBHELPCOMINC_03_22_2000-EX-10.8-HOSTING__Expiration-Date.txt
WEBHELPCOMINC_03_22_2000-EX-10.8-HOSTING AGREEMENT.txt,Termination For Convenience,medium,2955,0,True,,,4185,6,stop,1.5,0.00277,results/raw/20260818T161334__extraction-v2__deepseek-v4-pro__WEBHELPCOMINC_03_22_2000-EX-10.8-HOSTING__Termination-For-Convenience.txt
WEBHELPCOMINC_03_22_2000-EX-10.8-HOSTING AGREEMENT.txt,Cap On Liability,medium,2955,1,True,,,4162,184,stop,2.32,0.00311,results/raw/20260818T161336__extraction-v2__deepseek-v4-pro__WEBHELPCOMINC_03_22_2000-EX-10.8-HOSTING__Cap-On-Liability.txt
WEBHELPCOMINC_03_22_2000-EX-10.8-HOSTING AGREEMENT.txt,Ip Ownership Assignment,medium,2955,0,True,,,4199,6,stop,1.61,0.00278,results/raw/20260818T161338__extraction-v2__deepseek-v4-pro__WEBHELPCOMINC_03_22_2000-EX-10.8-HOSTING__Ip-Ownership-Assignment.txt
WEBHELPCOMINC_03_22_2000-EX-10.8-HOSTING AGREEMENT.txt,Non-Compete,medium,2955,0,True,,,4157,6,stop,1.64,0.00276,results/raw/20260818T161340__extraction-v2__deepseek-v4-pro__WEBHELPCOMINC_03_22_2000-EX-10.8-HOSTING__Non-Compete.txt
SLOVAKWIRELESSFINANCECOBV_03_28_2001-EX-4.(B)(II).3-Maintenance and support contract for SICAP(R) modules.txt,Governing Law,medium,3435,0,True,,,5771,6,stop,1.41,0.00382,results/raw/20260818T161341__extraction-v2__deepseek-v4-pro__SLOVAKWIRELESSFINANCECOBV_03_28_2001-EX-__Governing-Law.txt
SLOVAKWIRELESSFINANCECOBV_03_28_2001-EX-4.(B)(II).3-Maintenance and support contract for SICAP(R) modules.txt,Expiration Date,medium,3435,1,True,,,5768,26,stop,1.62,0.00386,results/raw/20260818T161343__extraction-v2__deepseek-v4-pro__SLOVAKWIRELESSFINANCECOBV_03_28_2001-EX-__Expiration-Date.txt
SLOVAKWIRELESSFINANCECOBV_03_28_2001-EX-4.(B)(II).3-Maintenance and support contract for SICAP(R) modules.txt,Termination For Convenience,medium,3435,0,True,,,5813,6,stop,1.53,0.00385,results/raw/20260818T161344__extraction-v2__deepseek-v4-pro__SLOVAKWIRELESSFINANCECOBV_03_28_2001-EX-__Termination-For-Convenience.txt
SLOVAKWIRELESSFINANCECOBV_03_28_2001-EX-4.(B)(II).3-Maintenance and support contract for SICAP(R) modules.txt,Cap On Liability,medium,3435,2,True,,,5790,65,stop,1.94,0.00395,results/raw/20260818T161346__extraction-v2__deepseek-v4-pro__SLOVAKWIRELESSFINANCECOBV_03_28_2001-EX-__Cap-On-Liability.txt
SLOVAKWIRELESSFINANCECOBV_03_28_2001-EX-4.(B)(II).3-Maintenance and support contract for SICAP(R) modules.txt,Ip Ownership Assignment,medium,3435,0,True,,,5827,6,stop,1.4,0.00386,results/raw/20260818T161348__extraction-v2__deepseek-v4-pro__SLOVAKWIRELESSFINANCECOBV_03_28_2001-EX-__Ip-Ownership-Assignment.txt
SLOVAKWIRELESSFINANCECOBV_03_28_2001-EX-4.(B)(II).3-Maintenance and support contract for SICAP(R) modules.txt,Non-Compete,medium,3435,0,True,,,5785,6,stop,1.33,0.00383,results/raw/20260818T161349__extraction-v2__deepseek-v4-pro__SLOVAKWIRELESSFINANCECOBV_03_28_2001-EX-__Non-Compete.txt
PREMIERBIOMEDICALINC_05_14_2020-EX-10.2-INTELLECTUAL PROPERTY AGREEMENT.txt,Governing Law,medium,3596,1,True,,,5023,79,stop,1.7,0.00347,results/raw/20260818T161351__extraction-v2__deepseek-v4-pro__PREMIERBIOMEDICALINC_05_14_2020-EX-10.2-__Governing-Law.txt
PREMIERBIOMEDICALINC_05_14_2020-EX-10.2-INTELLECTUAL PROPERTY AGREEMENT.txt,Expiration Date,medium,3596,0,True,,,5020,6,stop,1.14,0.00333,results/raw/20260818T161352__extraction-v2__deepseek-v4-pro__PREMIERBIOMEDICALINC_05_14_2020-EX-10.2-__Expiration-Date.txt
PREMIERBIOMEDICALINC_05_14_2020-EX-10.2-INTELLECTUAL PROPERTY AGREEMENT.txt,Termination For Convenience,medium,3596,0,True,,,5065,6,stop,0.83,0.00335,results/raw/20260818T161353__extraction-v2__deepseek-v4-pro__PREMIERBIOMEDICALINC_05_14_2020-EX-10.2-__Termination-For-Convenience.txt
PREMIERBIOMEDICALINC_05_14_2020-EX-10.2-INTELLECTUAL PROPERTY AGREEMENT.txt,Cap On Liability,medium,3596,0,True,,,5042,6,stop,0.87,0.00334,results/raw/20260818T161354__extraction-v2__deepseek-v4-pro__PREMIERBIOMEDICALINC_05_14_2020-EX-10.2-__Cap-On-Liability.txt
PREMIERBIOMEDICALINC_05_14_2020-EX-10.2-INTELLECTUAL PROPERTY AGREEMENT.txt,Ip Ownership Assignment,medium,3596,0,True,,,5079,6,stop,1.01,0.00336,results/raw/20260818T161355__extraction-v2__deepseek-v4-pro__PREMIERBIOMEDICALINC_05_14_2020-EX-10.2-__Ip-Ownership-Assignment.txt
PREMIERBIOMEDICALINC_05_14_2020-EX-10.2-INTELLECTUAL PROPERTY AGREEMENT.txt,Non-Compete,medium,3596,1,True,,,5037,76,stop,1.56,0.00347,results/raw/20260818T161356__extraction-v2__deepseek-v4-pro__PREMIERBIOMEDICALINC_05_14_2020-EX-10.2-__Non-Compete.txt
ADAMSGOLFINC_03_21_2005-EX-10.17-ENDORSEMENT AGREEMENT.txt,Governing Law,medium,3770,1,True,,,5923,31,stop,1.34,0.00397,results/raw/20260818T161358__extraction-v2__deepseek-v4-pro__ADAMSGOLFINC_03_21_2005-EX-10.17-ENDORSE__Governing-Law.txt
ADAMSGOLFINC_03_21_2005-EX-10.17-ENDORSEMENT AGREEMENT.txt,Expiration Date,medium,3770,1,True,,,5920,53,stop,1.49,0.00401,results/raw/20260818T161359__extraction-v2__deepseek-v4-pro__ADAMSGOLFINC_03_21_2005-EX-10.17-ENDORSE__Expiration-Date.txt
ADAMSGOLFINC_03_21_2005-EX-10.17-ENDORSEMENT AGREEMENT.txt,Termination For Convenience,medium,3770,0,True,,,5965,6,stop,1.16,0.00395,results/raw/20260818T161400__extraction-v2__deepseek-v4-pro__ADAMSGOLFINC_03_21_2005-EX-10.17-ENDORSE__Termination-For-Convenience.txt
ADAMSGOLFINC_03_21_2005-EX-10.17-ENDORSEMENT AGREEMENT.txt,Cap On Liability,medium,3770,0,True,,,5942,6,stop,1.14,0.00393,results/raw/20260818T161401__extraction-v2__deepseek-v4-pro__ADAMSGOLFINC_03_21_2005-EX-10.17-ENDORSE__Cap-On-Liability.txt
ADAMSGOLFINC_03_21_2005-EX-10.17-ENDORSEMENT AGREEMENT.txt,Ip Ownership Assignment,medium,3770,0,True,,,5979,6,stop,0.93,0.00396,results/raw/20260818T161402__extraction-v2__deepseek-v4-pro__ADAMSGOLFINC_03_21_2005-EX-10.17-ENDORSE__Ip-Ownership-Assignment.txt
ADAMSGOLFINC_03_21_2005-EX-10.17-ENDORSEMENT AGREEMENT.txt,Non-Compete,medium,3770,2,True,,,5937,226,stop,2.11,0.00437,results/raw/20260818T161404__extraction-v2__deepseek-v4-pro__ADAMSGOLFINC_03_21_2005-EX-10.17-ENDORSE__Non-Compete.txt
FreezeTagInc_20180411_8-K_EX-10.1_11139603_EX-10.1_Sponsorship Agreement.txt,Governing Law,medium,4102,1,True,,,5460,116,stop,1.87,0.00383,results/raw/20260818T161406__extraction-v2__deepseek-v4-pro__FreezeTagInc_20180411_8-K_EX-10.1_111396__Governing-Law.txt
FreezeTagInc_20180411_8-K_EX-10.1_11139603_EX-10.1_Sponsorship Agreement.txt,Expiration Date,medium,4102,1,True,,,5457,47,stop,1.69,0.00369,results/raw/20260818T161408__extraction-v2__deepseek-v4-pro__FreezeTagInc_20180411_8-K_EX-10.1_111396__Expiration-Date.txt
FreezeTagInc_20180411_8-K_EX-10.1_11139603_EX-10.1_Sponsorship Agreement.txt,Termination For Convenience,medium,4102,1,True,,,5502,46,stop,1.18,0.00372,results/raw/20260818T161409__extraction-v2__deepseek-v4-pro__FreezeTagInc_20180411_8-K_EX-10.1_111396__Termination-For-Convenience.txt
FreezeTagInc_20180411_8-K_EX-10.1_11139603_EX-10.1_Sponsorship Agreement.txt,Cap On Liability,medium,4102,0,True,,,5479,6,stop,1.1,0.00363,results/raw/20260818T161410__extraction-v2__deepseek-v4-pro__FreezeTagInc_20180411_8-K_EX-10.1_111396__Cap-On-Liability.txt
FreezeTagInc_20180411_8-K_EX-10.1_11139603_EX-10.1_Sponsorship Agreement.txt,Ip Ownership Assignment,medium,4102,0,True,,,5516,6,stop,0.97,0.00365,results/raw/20260818T161411__extraction-v2__deepseek-v4-pro__FreezeTagInc_20180411_8-K_EX-10.1_111396__Ip-Ownership-Assignment.txt
FreezeTagInc_20180411_8-K_EX-10.1_11139603_EX-10.1_Sponsorship Agreement.txt,Non-Compete,medium,4102,0,True,,,5474,6,stop,1.03,0.00362,results/raw/20260818T161412__extraction-v2__deepseek-v4-pro__FreezeTagInc_20180411_8-K_EX-10.1_111396__Non-Compete.txt
PelicanDeliversInc_20200211_S-1_EX-10.3_11975895_EX-10.3_Development Agreement2.txt,Governing Law,medium,4870,1,True,,,6687,137,stop,1.97,0.00468,results/raw/20260818T161414__extraction-v2__deepseek-v4-pro__PelicanDeliversInc_20200211_S-1_EX-10.3___Governing-Law.txt
PelicanDeliversInc_20200211_S-1_EX-10.3_11975895_EX-10.3_Development Agreement2.txt,Expiration Date,medium,4870,1,True,,,6684,48,stop,1.91,0.00451,results/raw/20260818T161416__extraction-v2__deepseek-v4-pro__PelicanDeliversInc_20200211_S-1_EX-10.3___Expiration-Date.txt
PelicanDeliversInc_20200211_S-1_EX-10.3_11975895_EX-10.3_Development Agreement2.txt,Termination For Convenience,medium,4870,1,True,,,6729,125,stop,1.77,0.00469,results/raw/20260818T161418__extraction-v2__deepseek-v4-pro__PelicanDeliversInc_20200211_S-1_EX-10.3___Termination-For-Convenience.txt
PelicanDeliversInc_20200211_S-1_EX-10.3_11975895_EX-10.3_Development Agreement2.txt,Cap On Liability,medium,4870,0,True,,,6706,6,stop,1.16,0.00444,results/raw/20260818T161419__extraction-v2__deepseek-v4-pro__PelicanDeliversInc_20200211_S-1_EX-10.3___Cap-On-Liability.txt
PelicanDeliversInc_20200211_S-1_EX-10.3_11975895_EX-10.3_Development Agreement2.txt,Ip Ownership Assignment,medium,4870,1,True,,,6743,239,stop,2.44,0.00492,results/raw/20260818T161421__extraction-v2__deepseek-v4-pro__PelicanDeliversInc_20200211_S-1_EX-10.3___Ip-Ownership-Assignment.txt
PelicanDeliversInc_20200211_S-1_EX-10.3_11975895_EX-10.3_Development Agreement2.txt,Non-Compete,medium,4870,0,True,,,6701,6,stop,0.98,0.00443,results/raw/20260818T161422__extraction-v2__deepseek-v4-pro__PelicanDeliversInc_20200211_S-1_EX-10.3___Non-Compete.txt
AMBASSADOREYEWEARGROUPINC_11_17_1997-EX-10.28-ENDORSEMENT AGREEMENT.txt,Governing Law,medium,5780,1,True,,,7973,32,stop,1.43,0.00533,results/raw/20260818T161424__extraction-v2__deepseek-v4-pro__AMBASSADOREYEWEARGROUPINC_11_17_1997-EX-__Governing-Law.txt
AMBASSADOREYEWEARGROUPINC_11_17_1997-EX-10.28-ENDORSEMENT AGREEMENT.txt,Expiration Date,medium,5780,1,True,,,7970,53,stop,1.94,0.00537,results/raw/20260818T161426__extraction-v2__deepseek-v4-pro__AMBASSADOREYEWEARGROUPINC_11_17_1997-EX-__Expiration-Date.txt
AMBASSADOREYEWEARGROUPINC_11_17_1997-EX-10.28-ENDORSEMENT AGREEMENT.txt,Termination For Convenience,medium,5780,0,True,,,8015,6,stop,1.18,0.0053,results/raw/20260818T161427__extraction-v2__deepseek-v4-pro__AMBASSADOREYEWEARGROUPINC_11_17_1997-EX-__Termination-For-Convenience.txt
AMBASSADOREYEWEARGROUPINC_11_17_1997-EX-10.28-ENDORSEMENT AGREEMENT.txt,Cap On Liability,medium,5780,0,True,,,7992,6,stop,1.24,0.00529,results/raw/20260818T161428__extraction-v2__deepseek-v4-pro__AMBASSADOREYEWEARGROUPINC_11_17_1997-EX-__Cap-On-Liability.txt
AMBASSADOREYEWEARGROUPINC_11_17_1997-EX-10.28-ENDORSEMENT AGREEMENT.txt,Ip Ownership Assignment,medium,5780,2,True,,,8029,182,stop,2.65,0.00566,results/raw/20260818T161431__extraction-v2__deepseek-v4-pro__AMBASSADOREYEWEARGROUPINC_11_17_1997-EX-__Ip-Ownership-Assignment.txt
AMBASSADOREYEWEARGROUPINC_11_17_1997-EX-10.28-ENDORSEMENT AGREEMENT.txt,Non-Compete,medium,5780,1,True,,,7987,117,stop,1.92,0.0055,results/raw/20260818T161433__extraction-v2__deepseek-v4-pro__AMBASSADOREYEWEARGROUPINC_11_17_1997-EX-__Non-Compete.txt
GSVINC_05_15_1998-EX-10-SPONSORSHIP AGREEMENT.txt,Governing Law,medium,5880,1,True,,,8569,42,stop,2.15,0.00574,results/raw/20260818T161435__extraction-v2__deepseek-v4-pro__GSVINC_05_15_1998-EX-10-SPONSORSHIP_AGRE__Governing-Law.txt
GSVINC_05_15_1998-EX-10-SPONSORSHIP AGREEMENT.txt,Expiration Date,medium,5880,1,True,,,8566,126,stop,2.36,0.0059,results/raw/20260818T161437__extraction-v2__deepseek-v4-pro__GSVINC_05_15_1998-EX-10-SPONSORSHIP_AGRE__Expiration-Date.txt
GSVINC_05_15_1998-EX-10-SPONSORSHIP AGREEMENT.txt,Termination For Convenience,medium,5880,0,True,,,8611,6,stop,1.56,0.0057,results/raw/20260818T161439__extraction-v2__deepseek-v4-pro__GSVINC_05_15_1998-EX-10-SPONSORSHIP_AGRE__Termination-For-Convenience.txt
GSVINC_05_15_1998-EX-10-SPONSORSHIP AGREEMENT.txt,Cap On Liability,medium,5880,1,True,,,8588,173,stop,2.44,0.00601,results/raw/20260818T161441__extraction-v2__deepseek-v4-pro__GSVINC_05_15_1998-EX-10-SPONSORSHIP_AGRE__Cap-On-Liability.txt
GSVINC_05_15_1998-EX-10-SPONSORSHIP AGREEMENT.txt,Ip Ownership Assignment,medium,5880,0,True,,,8625,6,stop,1.39,0.0057,results/raw/20260818T161443__extraction-v2__deepseek-v4-pro__GSVINC_05_15_1998-EX-10-SPONSORSHIP_AGRE__Ip-Ownership-Assignment.txt
GSVINC_05_15_1998-EX-10-SPONSORSHIP AGREEMENT.txt,Non-Compete,medium,5880,0,True,,,8583,6,stop,1.44,0.00568,results/raw/20260818T161444__extraction-v2__deepseek-v4-pro__GSVINC_05_15_1998-EX-10-SPONSORSHIP_AGRE__Non-Compete.txt
"NETGEAR,INC_04_21_2003-EX-10.16-DISTRIBUTOR AGREEMENT.txt",Governing Law,medium,6029,1,True,,,8557,66,stop,1.89,0.00578,"results/raw/20260818T161446__extraction-v2__deepseek-v4-pro__NETGEAR,INC_04_21_2003-EX-10.16-DISTRIBU__Governing-Law.txt"
"NETGEAR,INC_04_21_2003-EX-10.16-DISTRIBUTOR AGREEMENT.txt",Expiration Date,medium,6029,2,True,,,8554,64,stop,1.4,0.00577,"results/raw/20260818T161448__extraction-v2__deepseek-v4-pro__NETGEAR,INC_04_21_2003-EX-10.16-DISTRIBU__Expiration-Date.txt"
"NETGEAR,INC_04_21_2003-EX-10.16-DISTRIBUTOR AGREEMENT.txt",Termination For Convenience,medium,6029,1,True,,,8599,33,stop,1.44,0.00574,"results/raw/20260818T161449__extraction-v2__deepseek-v4-pro__NETGEAR,INC_04_21_2003-EX-10.16-DISTRIBU__Termination-For-Convenience.txt"
"NETGEAR,INC_04_21_2003-EX-10.16-DISTRIBUTOR AGREEMENT.txt",Cap On Liability,medium,6029,1,True,,,8576,304,stop,3.07,0.00626,"results/raw/20260818T161452__extraction-v2__deepseek-v4-pro__NETGEAR,INC_04_21_2003-EX-10.16-DISTRIBU__Cap-On-Liability.txt"
"NETGEAR,INC_04_21_2003-EX-10.16-DISTRIBUTOR AGREEMENT.txt",Ip Ownership Assignment,medium,6029,0,True,,,8613,6,stop,1.28,0.0057,"results/raw/20260818T161453__extraction-v2__deepseek-v4-pro__NETGEAR,INC_04_21_2003-EX-10.16-DISTRIBU__Ip-Ownership-Assignment.txt"
"NETGEAR,INC_04_21_2003-EX-10.16-DISTRIBUTOR AGREEMENT.txt",Non-Compete,medium,6029,2,True,,,8571,150,stop,1.97,0.00595,"results/raw/20260818T161455__extraction-v2__deepseek-v4-pro__NETGEAR,INC_04_21_2003-EX-10.16-DISTRIBU__Non-Compete.txt"
"Columbia Laboratories, (Bermuda) Ltd. - AMEND NO. 2 TO MANUFACTURING AND SUPPLY AGREEMENT.txt",Governing Law,medium,7145,1,True,,,9983,99,stop,2.43,0.00678,"results/raw/20260818T161458__extraction-v2__deepseek-v4-pro__Columbia_Laboratories,_(Bermuda)_Ltd._-___Governing-Law.txt"
"Columbia Laboratories, (Bermuda) Ltd. - AMEND NO. 2 TO MANUFACTURING AND SUPPLY AGREEMENT.txt",Expiration Date,medium,7145,1,True,,,9980,84,stop,1.61,0.00675,"results/raw/20260818T161459__extraction-v2__deepseek-v4-pro__Columbia_Laboratories,_(Bermuda)_Ltd._-___Expiration-Date.txt"
"Columbia Laboratories, (Bermuda) Ltd. - AMEND NO. 2 TO MANUFACTURING AND SUPPLY AGREEMENT.txt",Termination For Convenience,medium,7145,0,True,,,10025,6,stop,1.44,0.00663,"results/raw/20260818T161501__extraction-v2__deepseek-v4-pro__Columbia_Laboratories,_(Bermuda)_Ltd._-___Termination-For-Convenience.txt"
"Columbia Laboratories, (Bermuda) Ltd. - AMEND NO. 2 TO MANUFACTURING AND SUPPLY AGREEMENT.txt",Cap On Liability,medium,7145,0,True,,,10002,6,stop,1.48,0.00661,"results/raw/20260818T161502__extraction-v2__deepseek-v4-pro__Columbia_Laboratories,_(Bermuda)_Ltd._-___Cap-On-Liability.txt"
"Columbia Laboratories, (Bermuda) Ltd. - AMEND NO. 2 TO MANUFACTURING AND SUPPLY AGREEMENT.txt",Ip Ownership Assignment,medium,7145,0,True,,,10039,6,stop,1.12,0.00664,"results/raw/20260818T161503__extraction-v2__deepseek-v4-pro__Columbia_Laboratories,_(Bermuda)_Ltd._-___Ip-Ownership-Assignment.txt"
"Columbia Laboratories, (Bermuda) Ltd. - AMEND NO. 2 TO MANUFACTURING AND SUPPLY AGREEMENT.txt",Non-Compete,medium,7145,0,True,,,9997,6,stop,1.47,0.00661,"results/raw/20260818T161505__extraction-v2__deepseek-v4-pro__Columbia_Laboratories,_(Bermuda)_Ltd._-___Non-Compete.txt"
LegacyEducationAllianceInc_20200330_10-K_EX-10.18_12090678_EX-10.18_Development Agreement.txt,Governing Law,medium,7337,1,True,,,10267,60,stop,2.44,0.0069,results/raw/20260818T161507__extraction-v2__deepseek-v4-pro__LegacyEducationAllianceInc_20200330_10-K__Governing-Law.txt
LegacyEducationAllianceInc_20200330_10-K_EX-10.18_12090678_EX-10.18_Development Agreement.txt,Expiration Date,medium,7337,1,True,,,10264,28,stop,2.74,0.00683,results/raw/20260818T161510__extraction-v2__deepseek-v4-pro__LegacyEducationAllianceInc_20200330_10-K__Expiration-Date.txt
LegacyEducationAllianceInc_20200330_10-K_EX-10.18_12090678_EX-10.18_Development Agreement.txt,Termination For Convenience,medium,7337,0,True,,,10309,6,stop,2.09,0.00682,results/raw/20260818T161512__extraction-v2__deepseek-v4-pro__LegacyEducationAllianceInc_20200330_10-K__Termination-For-Convenience.txt
LegacyEducationAllianceInc_20200330_10-K_EX-10.18_12090678_EX-10.18_Development Agreement.txt,Cap On Liability,medium,7337,1,True,,,10286,153,stop,2.54,0.00709,results/raw/20260818T161515__extraction-v2__deepseek-v4-pro__LegacyEducationAllianceInc_20200330_10-K__Cap-On-Liability.txt
LegacyEducationAllianceInc_20200330_10-K_EX-10.18_12090678_EX-10.18_Development Agreement.txt,Ip Ownership Assignment,medium,7337,1,True,,,10323,64,stop,2.17,0.00694,results/raw/20260818T161517__extraction-v2__deepseek-v4-pro__LegacyEducationAllianceInc_20200330_10-K__Ip-Ownership-Assignment.txt
LegacyEducationAllianceInc_20200330_10-K_EX-10.18_12090678_EX-10.18_Development Agreement.txt,Non-Compete,medium,7337,2,True,,,10281,350,stop,3.59,0.00748,results/raw/20260818T161521__extraction-v2__deepseek-v4-pro__LegacyEducationAllianceInc_20200330_10-K__Non-Compete.txt
NANOPHASETECHNOLOGIESCORP_11_01_2005-EX-99.1-DISTRIBUTOR AGREEMENT.txt,Governing Law,medium,7663,1,True,,,10496,40,stop,2.43,0.00701,results/raw/20260818T161523__extraction-v2__deepseek-v4-pro__NANOPHASETECHNOLOGIESCORP_11_01_2005-EX-__Governing-Law.txt
NANOPHASETECHNOLOGIESCORP_11_01_2005-EX-99.1-DISTRIBUTOR AGREEMENT.txt,Expiration Date,medium,7663,1,True,,,10493,84,stop,2.23,0.00709,results/raw/20260818T161525__extraction-v2__deepseek-v4-pro__NANOPHASETECHNOLOGIESCORP_11_01_2005-EX-__Expiration-Date.txt
NANOPHASETECHNOLOGIESCORP_11_01_2005-EX-99.1-DISTRIBUTOR AGREEMENT.txt,Termination For Convenience,medium,7663,1,True,,,10538,46,stop,2.1,0.00705,results/raw/20260818T161527__extraction-v2__deepseek-v4-pro__NANOPHASETECHNOLOGIESCORP_11_01_2005-EX-__Termination-For-Convenience.txt
NANOPHASETECHNOLOGIESCORP_11_01_2005-EX-99.1-DISTRIBUTOR AGREEMENT.txt,Cap On Liability,medium,7663,1,True,,,10515,102,stop,1.95,0.00714,results/raw/20260818T161529__extraction-v2__deepseek-v4-pro__NANOPHASETECHNOLOGIESCORP_11_01_2005-EX-__Cap-On-Liability.txt
NANOPHASETECHNOLOGIESCORP_11_01_2005-EX-99.1-DISTRIBUTOR AGREEMENT.txt,Ip Ownership Assignment,medium,7663,0,True,,,10552,6,stop,1.58,0.00698,results/raw/20260818T161531__extraction-v2__deepseek-v4-pro__NANOPHASETECHNOLOGIESCORP_11_01_2005-EX-__Ip-Ownership-Assignment.txt
NANOPHASETECHNOLOGIESCORP_11_01_2005-EX-99.1-DISTRIBUTOR AGREEMENT.txt,Non-Compete,medium,7663,2,True,,,10510,130,stop,1.91,0.00719,results/raw/20260818T161533__extraction-v2__deepseek-v4-pro__NANOPHASETECHNOLOGIESCORP_11_01_2005-EX-__Non-Compete.txt
PenntexMidstreamPartnersLp_20150416_S-1A_EX-10.4_9042833_EX-10.4_Transportation Agreement.txt,Governing Law,medium,7965,1,True,,,10949,86,stop,2.2,0.0074,results/raw/20260818T161535__extraction-v2__deepseek-v4-pro__PenntexMidstreamPartnersLp_20150416_S-1A__Governing-Law.txt
PenntexMidstreamPartnersLp_20150416_S-1A_EX-10.4_9042833_EX-10.4_Transportation Agreement.txt,Expiration Date,medium,7965,1,True,,,10946,98,stop,2.52,0.00742,results/raw/20260818T161538__extraction-v2__deepseek-v4-pro__PenntexMidstreamPartnersLp_20150416_S-1A__Expiration-Date.txt
PenntexMidstreamPartnersLp_20150416_S-1A_EX-10.4_9042833_EX-10.4_Transportation Agreement.txt,Termination For Convenience,medium,7965,1,True,,,10991,98,stop,1.89,0.00745,results/raw/20260818T161539__extraction-v2__deepseek-v4-pro__PenntexMidstreamPartnersLp_20150416_S-1A__Termination-For-Convenience.txt
PenntexMidstreamPartnersLp_20150416_S-1A_EX-10.4_9042833_EX-10.4_Transportation Agreement.txt,Cap On Liability,medium,7965,2,True,,,10968,266,stop,2.61,0.00777,results/raw/20260818T161542__extraction-v2__deepseek-v4-pro__PenntexMidstreamPartnersLp_20150416_S-1A__Cap-On-Liability.txt
PenntexMidstreamPartnersLp_20150416_S-1A_EX-10.4_9042833_EX-10.4_Transportation Agreement.txt,Ip Ownership Assignment,medium,7965,0,True,,,11005,6,stop,1.1,0.00728,results/raw/20260818T161543__extraction-v2__deepseek-v4-pro__PenntexMidstreamPartnersLp_20150416_S-1A__Ip-Ownership-Assignment.txt
PenntexMidstreamPartnersLp_20150416_S-1A_EX-10.4_9042833_EX-10.4_Transportation Agreement.txt,Non-Compete,medium,7965,0,True,,,10963,6,stop,0.91,0.00725,results/raw/20260818T161544__extraction-v2__deepseek-v4-pro__PenntexMidstreamPartnersLp_20150416_S-1A__Non-Compete.txt
CORIOINC_07_20_2000-EX-10.5-LICENSE AND HOSTING AGREEMENT.txt,Governing Law,long,8396,1,True,,,11956,45,stop,1.47,0.00798,results/raw/20260818T161546__extraction-v2__deepseek-v4-pro__CORIOINC_07_20_2000-EX-10.5-LICENSE_AND___Governing-Law.txt
CORIOINC_07_20_2000-EX-10.5-LICENSE AND HOSTING AGREEMENT.txt,Expiration Date,long,8396,1,True,,,11953,36,stop,1.29,0.00796,results/raw/20260818T161547__extraction-v2__deepseek-v4-pro__CORIOINC_07_20_2000-EX-10.5-LICENSE_AND___Expiration-Date.txt
CORIOINC_07_20_2000-EX-10.5-LICENSE AND HOSTING AGREEMENT.txt,Termination For Convenience,long,8396,0,True,,,11998,6,stop,1.12,0.00793,results/raw/20260818T161548__extraction-v2__deepseek-v4-pro__CORIOINC_07_20_2000-EX-10.5-LICENSE_AND___Termination-For-Convenience.txt
CORIOINC_07_20_2000-EX-10.5-LICENSE AND HOSTING AGREEMENT.txt,Cap On Liability,long,8396,1,True,,,11975,260,stop,2.47,0.00842,results/raw/20260818T161550__extraction-v2__deepseek-v4-pro__CORIOINC_07_20_2000-EX-10.5-LICENSE_AND___Cap-On-Liability.txt
CORIOINC_07_20_2000-EX-10.5-LICENSE AND HOSTING AGREEMENT.txt,Ip Ownership Assignment,long,8396,1,True,,,12012,160,stop,2.21,0.00824,results/raw/20260818T161553__extraction-v2__deepseek-v4-pro__CORIOINC_07_20_2000-EX-10.5-LICENSE_AND___Ip-Ownership-Assignment.txt
CORIOINC_07_20_2000-EX-10.5-LICENSE AND HOSTING AGREEMENT.txt,Non-Compete,long,8396,3,True,,,11970,316,stop,2.86,0.00853,results/raw/20260818T161556__extraction-v2__deepseek-v4-pro__CORIOINC_07_20_2000-EX-10.5-LICENSE_AND___Non-Compete.txt
ENERGYXXILTD_05_08_2015-EX-10.13-Transportation AGREEMENT.txt,Governing Law,long,9243,1,True,,,14370,48,stop,1.51,0.00958,results/raw/20260818T161557__extraction-v2__deepseek-v4-pro__ENERGYXXILTD_05_08_2015-EX-10.13-Transpo__Governing-Law.txt
ENERGYXXILTD_05_08_2015-EX-10.13-Transportation AGREEMENT.txt,Expiration Date,long,9243,1,True,,,14367,52,stop,1.41,0.00959,results/raw/20260818T161558__extraction-v2__deepseek-v4-pro__ENERGYXXILTD_05_08_2015-EX-10.13-Transpo__Expiration-Date.txt
ENERGYXXILTD_05_08_2015-EX-10.13-Transportation AGREEMENT.txt,Termination For Convenience,long,9243,1,True,,,14412,52,stop,1.3,0.00961,results/raw/20260818T161600__extraction-v2__deepseek-v4-pro__ENERGYXXILTD_05_08_2015-EX-10.13-Transpo__Termination-For-Convenience.txt
ENERGYXXILTD_05_08_2015-EX-10.13-Transportation AGREEMENT.txt,Cap On Liability,long,9243,2,True,,,14389,350,stop,2.7,0.01019,results/raw/20260818T161602__extraction-v2__deepseek-v4-pro__ENERGYXXILTD_05_08_2015-EX-10.13-Transpo__Cap-On-Liability.txt
ENERGYXXILTD_05_08_2015-EX-10.13-Transportation AGREEMENT.txt,Ip Ownership Assignment,long,9243,0,True,,,14426,6,stop,1.04,0.00953,results/raw/20260818T161604__extraction-v2__deepseek-v4-pro__ENERGYXXILTD_05_08_2015-EX-10.13-Transpo__Ip-Ownership-Assignment.txt
ENERGYXXILTD_05_08_2015-EX-10.13-Transportation AGREEMENT.txt,Non-Compete,long,9243,0,True,,,14384,6,stop,1.42,0.00951,results/raw/20260818T161605__extraction-v2__deepseek-v4-pro__ENERGYXXILTD_05_08_2015-EX-10.13-Transpo__Non-Compete.txt
CerenceInc_20191002_8-K_EX-10.4_11827494_EX-10.4_Intellectual Property Agreement.txt,Governing Law,long,9608,1,True,,,13351,303,stop,2.74,0.00941,results/raw/20260818T161608__extraction-v2__deepseek-v4-pro__CerenceInc_20191002_8-K_EX-10.4_11827494__Governing-Law.txt
CerenceInc_20191002_8-K_EX-10.4_11827494_EX-10.4_Intellectual Property Agreement.txt,Expiration Date,long,9608,0,True,,,13348,6,stop,1.26,0.00882,results/raw/20260818T161609__extraction-v2__deepseek-v4-pro__CerenceInc_20191002_8-K_EX-10.4_11827494__Expiration-Date.txt
CerenceInc_20191002_8-K_EX-10.4_11827494_EX-10.4_Intellectual Property Agreement.txt,Termination For Convenience,long,9608,1,True,,,13393,63,stop,1.41,0.00896,results/raw/20260818T161610__extraction-v2__deepseek-v4-pro__CerenceInc_20191002_8-K_EX-10.4_11827494__Termination-For-Convenience.txt
CerenceInc_20191002_8-K_EX-10.4_11827494_EX-10.4_Intellectual Property Agreement.txt,Cap On Liability,long,9608,1,True,,,13370,111,stop,1.87,0.00904,results/raw/20260818T161612__extraction-v2__deepseek-v4-pro__CerenceInc_20191002_8-K_EX-10.4_11827494__Cap-On-Liability.txt
CerenceInc_20191002_8-K_EX-10.4_11827494_EX-10.4_Intellectual Property Agreement.txt,Ip Ownership Assignment,long,9608,0,True,,,13407,6,stop,1.51,0.00886,results/raw/20260818T161614__extraction-v2__deepseek-v4-pro__CerenceInc_20191002_8-K_EX-10.4_11827494__Ip-Ownership-Assignment.txt
CerenceInc_20191002_8-K_EX-10.4_11827494_EX-10.4_Intellectual Property Agreement.txt,Non-Compete,long,9608,0,True,,,13365,6,stop,1.11,0.00883,results/raw/20260818T161615__extraction-v2__deepseek-v4-pro__CerenceInc_20191002_8-K_EX-10.4_11827494__Non-Compete.txt
PareteumCorp_20081001_8-K_EX-99.1_2654808_EX-99.1_Hosting Agreement.txt,Governing Law,long,10213,1,True,,,15210,27,stop,1.57,0.01009,results/raw/20260818T161616__extraction-v2__deepseek-v4-pro__PareteumCorp_20081001_8-K_EX-99.1_265480__Governing-Law.txt
PareteumCorp_20081001_8-K_EX-99.1_2654808_EX-99.1_Hosting Agreement.txt,Expiration Date,long,10213,1,True,,,15207,49,stop,1.23,0.01013,results/raw/20260818T161618__extraction-v2__deepseek-v4-pro__PareteumCorp_20081001_8-K_EX-99.1_265480__Expiration-Date.txt
PareteumCorp_20081001_8-K_EX-99.1_2654808_EX-99.1_Hosting Agreement.txt,Termination For Convenience,long,10213,1,True,,,15252,109,stop,1.98,0.01028,results/raw/20260818T161620__extraction-v2__deepseek-v4-pro__PareteumCorp_20081001_8-K_EX-99.1_265480__Termination-For-Convenience.txt
PareteumCorp_20081001_8-K_EX-99.1_2654808_EX-99.1_Hosting Agreement.txt,Cap On Liability,long,10213,4,True,,,15229,396,stop,2.86,0.01084,results/raw/20260818T161623__extraction-v2__deepseek-v4-pro__PareteumCorp_20081001_8-K_EX-99.1_265480__Cap-On-Liability.txt
PareteumCorp_20081001_8-K_EX-99.1_2654808_EX-99.1_Hosting Agreement.txt,Ip Ownership Assignment,long,10213,0,True,,,15266,6,stop,1.36,0.01009,results/raw/20260818T161624__extraction-v2__deepseek-v4-pro__PareteumCorp_20081001_8-K_EX-99.1_265480__Ip-Ownership-Assignment.txt
PareteumCorp_20081001_8-K_EX-99.1_2654808_EX-99.1_Hosting Agreement.txt,Non-Compete,long,10213,5,True,,,15224,422,stop,3.11,0.01088,results/raw/20260818T161627__extraction-v2__deepseek-v4-pro__PareteumCorp_20081001_8-K_EX-99.1_265480__Non-Compete.txt
EtonPharmaceuticalsInc_20191114_10-Q_EX-10.1_11893941_EX-10.1_Development Agreement.txt,Governing Law,long,10256,1,True,,,14489,175,stop,2.13,0.00991,results/raw/20260818T161629__extraction-v2__deepseek-v4-pro__EtonPharmaceuticalsInc_20191114_10-Q_EX-__Governing-Law.txt
EtonPharmaceuticalsInc_20191114_10-Q_EX-10.1_11893941_EX-10.1_Development Agreement.txt,Expiration Date,long,10256,1,True,,,14486,150,stop,2.27,0.00986,results/raw/20260818T161631__extraction-v2__deepseek-v4-pro__EtonPharmaceuticalsInc_20191114_10-Q_EX-__Expiration-Date.txt
EtonPharmaceuticalsInc_20191114_10-Q_EX-10.1_11893941_EX-10.1_Development Agreement.txt,Termination For Convenience,long,10256,1,True,,,14531,58,stop,1.86,0.00971,results/raw/20260818T161633__extraction-v2__deepseek-v4-pro__EtonPharmaceuticalsInc_20191114_10-Q_EX-__Termination-For-Convenience.txt
EtonPharmaceuticalsInc_20191114_10-Q_EX-10.1_11893941_EX-10.1_Development Agreement.txt,Cap On Liability,long,10256,1,True,,,14508,77,stop,1.81,0.00973,results/raw/20260818T161635__extraction-v2__deepseek-v4-pro__EtonPharmaceuticalsInc_20191114_10-Q_EX-__Cap-On-Liability.txt
EtonPharmaceuticalsInc_20191114_10-Q_EX-10.1_11893941_EX-10.1_Development Agreement.txt,Ip Ownership Assignment,long,10256,0,True,,,14545,6,stop,1.26,0.00961,results/raw/20260818T161636__extraction-v2__deepseek-v4-pro__EtonPharmaceuticalsInc_20191114_10-Q_EX-__Ip-Ownership-Assignment.txt
EtonPharmaceuticalsInc_20191114_10-Q_EX-10.1_11893941_EX-10.1_Development Agreement.txt,Non-Compete,long,10256,1,True,,,14503,90,stop,1.67,0.00975,results/raw/20260818T161638__extraction-v2__deepseek-v4-pro__EtonPharmaceuticalsInc_20191114_10-Q_EX-__Non-Compete.txt
VERTICALNETINC_04_01_2002-EX-10.19-MAINTENANCE AND SUPPORT AGREEMENT.txt,Governing Law,long,10705,1,True,,,14749,155,stop,2.12,0.01004,results/raw/20260818T161640__extraction-v2__deepseek-v4-pro__VERTICALNETINC_04_01_2002-EX-10.19-MAINT__Governing-Law.txt
VERTICALNETINC_04_01_2002-EX-10.19-MAINTENANCE AND SUPPORT AGREEMENT.txt,Expiration Date,long,10705,1,True,,,14746,41,stop,1.67,0.00981,results/raw/20260818T161642__extraction-v2__deepseek-v4-pro__VERTICALNETINC_04_01_2002-EX-10.19-MAINT__Expiration-Date.txt
VERTICALNETINC_04_01_2002-EX-10.19-MAINTENANCE AND SUPPORT AGREEMENT.txt,Termination For Convenience,long,10705,0,True,,,14791,6,stop,1.59,0.00977,results/raw/20260818T161643__extraction-v2__deepseek-v4-pro__VERTICALNETINC_04_01_2002-EX-10.19-MAINT__Termination-For-Convenience.txt
VERTICALNETINC_04_01_2002-EX-10.19-MAINTENANCE AND SUPPORT AGREEMENT.txt,Cap On Liability,long,10705,2,True,,,14768,560,stop,4.14,0.01086,results/raw/20260818T161648__extraction-v2__deepseek-v4-pro__VERTICALNETINC_04_01_2002-EX-10.19-MAINT__Cap-On-Liability.txt
VERTICALNETINC_04_01_2002-EX-10.19-MAINTENANCE AND SUPPORT AGREEMENT.txt,Ip Ownership Assignment,long,10705,1,True,,,14805,323,stop,2.66,0.01041,results/raw/20260818T161650__extraction-v2__deepseek-v4-pro__VERTICALNETINC_04_01_2002-EX-10.19-MAINT__Ip-Ownership-Assignment.txt
VERTICALNETINC_04_01_2002-EX-10.19-MAINTENANCE AND SUPPORT AGREEMENT.txt,Non-Compete,long,10705,0,True,,,14763,6,stop,1.03,0.00976,results/raw/20260818T161651__extraction-v2__deepseek-v4-pro__VERTICALNETINC_04_01_2002-EX-10.19-MAINT__Non-Compete.txt
ScansourceInc_20190822_10-K_EX-10.38_11793958_EX-10.38_Distributor Agreement1.txt,Governing Law,long,12904,1,True,,,18299,134,stop,2.13,0.01234,results/raw/20260818T161653__extraction-v2__deepseek-v4-pro__ScansourceInc_20190822_10-K_EX-10.38_117__Governing-Law.txt
ScansourceInc_20190822_10-K_EX-10.38_11793958_EX-10.38_Distributor Agreement1.txt,Expiration Date,long,12904,1,True,,,18296,43,stop,1.34,0.01216,results/raw/20260818T161655__extraction-v2__deepseek-v4-pro__ScansourceInc_20190822_10-K_EX-10.38_117__Expiration-Date.txt
ScansourceInc_20190822_10-K_EX-10.38_11793958_EX-10.38_Distributor Agreement1.txt,Termination For Convenience,long,12904,1,True,,,18341,108,stop,1.92,0.01232,results/raw/20260818T161657__extraction-v2__deepseek-v4-pro__ScansourceInc_20190822_10-K_EX-10.38_117__Termination-For-Convenience.txt
ScansourceInc_20190822_10-K_EX-10.38_11793958_EX-10.38_Distributor Agreement1.txt,Cap On Liability,long,12904,2,True,,,18318,527,stop,3.82,0.01313,results/raw/20260818T161701__extraction-v2__deepseek-v4-pro__ScansourceInc_20190822_10-K_EX-10.38_117__Cap-On-Liability.txt
ScansourceInc_20190822_10-K_EX-10.38_11793958_EX-10.38_Distributor Agreement1.txt,Ip Ownership Assignment,long,12904,0,True,,,18355,6,stop,1.03,0.01213,results/raw/20260818T161702__extraction-v2__deepseek-v4-pro__ScansourceInc_20190822_10-K_EX-10.38_117__Ip-Ownership-Assignment.txt
ScansourceInc_20190822_10-K_EX-10.38_11793958_EX-10.38_Distributor Agreement1.txt,Non-Compete,long,12904,2,True,,,18313,117,stop,1.79,0.01232,results/raw/20260818T161703__extraction-v2__deepseek-v4-pro__ScansourceInc_20190822_10-K_EX-10.38_117__Non-Compete.txt
TELEGLOBEINTERNATIONALHOLDINGSLTD_03_29_2004-EX-10.10-CONSTRUCTION AND MAINTENANCE AGREEMENT.txt,Governing Law,long,15095,0,True,,,19605,6,stop,1.66,0.01295,results/raw/20260818T161705__extraction-v2__deepseek-v4-pro__TELEGLOBEINTERNATIONALHOLDINGSLTD_03_29___Governing-Law.txt
TELEGLOBEINTERNATIONALHOLDINGSLTD_03_29_2004-EX-10.10-CONSTRUCTION AND MAINTENANCE AGREEMENT.txt,Expiration Date,long,15095,1,True,,,19602,112,stop,2.2,0.01316,results/raw/20260818T161707__extraction-v2__deepseek-v4-pro__TELEGLOBEINTERNATIONALHOLDINGSLTD_03_29___Expiration-Date.txt
TELEGLOBEINTERNATIONALHOLDINGSLTD_03_29_2004-EX-10.10-CONSTRUCTION AND MAINTENANCE AGREEMENT.txt,Termination For Convenience,long,15095,1,True,,,19647,112,stop,1.59,0.01319,results/raw/20260818T161709__extraction-v2__deepseek-v4-pro__TELEGLOBEINTERNATIONALHOLDINGSLTD_03_29___Termination-For-Convenience.txt
TELEGLOBEINTERNATIONALHOLDINGSLTD_03_29_2004-EX-10.10-CONSTRUCTION AND MAINTENANCE AGREEMENT.txt,Cap On Liability,long,15095,1,True,,,19624,155,stop,1.9,0.01326,results/raw/20260818T161711__extraction-v2__deepseek-v4-pro__TELEGLOBEINTERNATIONALHOLDINGSLTD_03_29___Cap-On-Liability.txt
TELEGLOBEINTERNATIONALHOLDINGSLTD_03_29_2004-EX-10.10-CONSTRUCTION AND MAINTENANCE AGREEMENT.txt,Ip Ownership Assignment,long,15095,0,True,,,19661,6,stop,1.2,0.01299,results/raw/20260818T161712__extraction-v2__deepseek-v4-pro__TELEGLOBEINTERNATIONALHOLDINGSLTD_03_29___Ip-Ownership-Assignment.txt
TELEGLOBEINTERNATIONALHOLDINGSLTD_03_29_2004-EX-10.10-CONSTRUCTION AND MAINTENANCE AGREEMENT.txt,Non-Compete,long,15095,0,True,,,19619,6,stop,1.34,0.01296,results/raw/20260818T161713__extraction-v2__deepseek-v4-pro__TELEGLOBEINTERNATIONALHOLDINGSLTD_03_29___Non-Compete.txt
ReynoldsConsumerProductsInc_20200121_S-1A_EX-10.22_11948918_EX-10.22_Service Agreement.txt,Governing Law,long,17207,1,True,,,24395,75,stop,2.15,0.01625,results/raw/20260818T161716__extraction-v2__deepseek-v4-pro__ReynoldsConsumerProductsInc_20200121_S-1__Governing-Law.txt
ReynoldsConsumerProductsInc_20200121_S-1A_EX-10.22_11948918_EX-10.22_Service Agreement.txt,Expiration Date,long,17207,1,True,,,24392,138,stop,2.03,0.01637,results/raw/20260818T161718__extraction-v2__deepseek-v4-pro__ReynoldsConsumerProductsInc_20200121_S-1__Expiration-Date.txt
ReynoldsConsumerProductsInc_20200121_S-1A_EX-10.22_11948918_EX-10.22_Service Agreement.txt,Termination For Convenience,long,17207,1,True,,,24437,316,stop,2.88,0.01675,results/raw/20260818T161720__extraction-v2__deepseek-v4-pro__ReynoldsConsumerProductsInc_20200121_S-1__Termination-For-Convenience.txt
ReynoldsConsumerProductsInc_20200121_S-1A_EX-10.22_11948918_EX-10.22_Service Agreement.txt,Cap On Liability,long,17207,3,True,,,24414,313,stop,2.73,0.01673,results/raw/20260818T161723__extraction-v2__deepseek-v4-pro__ReynoldsConsumerProductsInc_20200121_S-1__Cap-On-Liability.txt
ReynoldsConsumerProductsInc_20200121_S-1A_EX-10.22_11948918_EX-10.22_Service Agreement.txt,Ip Ownership Assignment,long,17207,0,True,,,24451,6,stop,1.47,0.01615,results/raw/20260818T161725__extraction-v2__deepseek-v4-pro__ReynoldsConsumerProductsInc_20200121_S-1__Ip-Ownership-Assignment.txt
ReynoldsConsumerProductsInc_20200121_S-1A_EX-10.22_11948918_EX-10.22_Service Agreement.txt,Non-Compete,long,17207,0,True,,,24409,6,stop,1.17,0.01612,results/raw/20260818T161726__extraction-v2__deepseek-v4-pro__ReynoldsConsumerProductsInc_20200121_S-1__Non-Compete.txt
NICELTD_06_26_2003-EX-4.5-OUTSOURCING AGREEMENT.txt,Governing Law,long,18608,1,True,,,26224,46,stop,1.83,0.0174,results/raw/20260818T161728__extraction-v2__deepseek-v4-pro__NICELTD_06_26_2003-EX-4.5-OUTSOURCING_AG__Governing-Law.txt
NICELTD_06_26_2003-EX-4.5-OUTSOURCING AGREEMENT.txt,Expiration Date,long,18608,1,True,,,26221,87,stop,1.71,0.01748,results/raw/20260818T161729__extraction-v2__deepseek-v4-pro__NICELTD_06_26_2003-EX-4.5-OUTSOURCING_AG__Expiration-Date.txt
NICELTD_06_26_2003-EX-4.5-OUTSOURCING AGREEMENT.txt,Termination For Convenience,long,18608,2,True,,,26266,181,stop,1.98,0.01769,results/raw/20260818T161731__extraction-v2__deepseek-v4-pro__NICELTD_06_26_2003-EX-4.5-OUTSOURCING_AG__Termination-For-Convenience.txt
NICELTD_06_26_2003-EX-4.5-OUTSOURCING AGREEMENT.txt,Cap On Liability,long,18608,2,True,,,26243,310,stop,2.7,0.01793,results/raw/20260818T161734__extraction-v2__deepseek-v4-pro__NICELTD_06_26_2003-EX-4.5-OUTSOURCING_AG__Cap-On-Liability.txt
NICELTD_06_26_2003-EX-4.5-OUTSOURCING AGREEMENT.txt,Ip Ownership Assignment,long,18608,1,True,,,26280,79,stop,1.49,0.0175,results/raw/20260818T161736__extraction-v2__deepseek-v4-pro__NICELTD_06_26_2003-EX-4.5-OUTSOURCING_AG__Ip-Ownership-Assignment.txt
NICELTD_06_26_2003-EX-4.5-OUTSOURCING AGREEMENT.txt,Non-Compete,long,18608,0,True,,,26238,6,stop,1.22,0.01733,results/raw/20260818T161737__extraction-v2__deepseek-v4-pro__NICELTD_06_26_2003-EX-4.5-OUTSOURCING_AG__Non-Compete.txt
DovaPharmaceuticalsInc_20181108_10-Q_EX-10.2_11414857_EX-10.2_Promotion Agreement.txt,Governing Law,long,26789,1,True,,,37477,74,stop,2.24,0.02488,results/raw/20260818T161739__extraction-v2__deepseek-v4-pro__DovaPharmaceuticalsInc_20181108_10-Q_EX-__Governing-Law.txt
DovaPharmaceuticalsInc_20181108_10-Q_EX-10.2_11414857_EX-10.2_Promotion Agreement.txt,Expiration Date,long,26789,1,True,,,37474,55,stop,1.61,0.02484,results/raw/20260818T161741__extraction-v2__deepseek-v4-pro__DovaPharmaceuticalsInc_20181108_10-Q_EX-__Expiration-Date.txt
DovaPharmaceuticalsInc_20181108_10-Q_EX-10.2_11414857_EX-10.2_Promotion Agreement.txt,Termination For Convenience,long,26789,1,True,,,37519,203,stop,2.13,0.02516,results/raw/20260818T161743__extraction-v2__deepseek-v4-pro__DovaPharmaceuticalsInc_20181108_10-Q_EX-__Termination-For-Convenience.txt
DovaPharmaceuticalsInc_20181108_10-Q_EX-10.2_11414857_EX-10.2_Promotion Agreement.txt,Cap On Liability,long,26789,1,True,,,37496,317,stop,2.73,0.02538,results/raw/20260818T161746__extraction-v2__deepseek-v4-pro__DovaPharmaceuticalsInc_20181108_10-Q_EX-__Cap-On-Liability.txt
DovaPharmaceuticalsInc_20181108_10-Q_EX-10.2_11414857_EX-10.2_Promotion Agreement.txt,Ip Ownership Assignment,long,26789,1,True,,,37533,306,stop,2.92,0.02538,results/raw/20260818T161749__extraction-v2__deepseek-v4-pro__DovaPharmaceuticalsInc_20181108_10-Q_EX-__Ip-Ownership-Assignment.txt
DovaPharmaceuticalsInc_20181108_10-Q_EX-10.2_11414857_EX-10.2_Promotion Agreement.txt,Non-Compete,long,26789,1,True,,,37491,383,stop,3.07,0.0255,results/raw/20260818T161752__extraction-v2__deepseek-v4-pro__DovaPharmaceuticalsInc_20181108_10-Q_EX-__Non-Compete.txt
GRANTIERRAENERGYINC_05_07_2012-EX-10.6-TRANSPORTATION CONTRACT.txt,Governing Law,long,35339,1,True,,,50129,32,stop,2.69,0.03315,results/raw/20260818T161754__extraction-v2__deepseek-v4-pro__GRANTIERRAENERGYINC_05_07_2012-EX-10.6-T__Governing-Law.txt
GRANTIERRAENERGYINC_05_07_2012-EX-10.6-TRANSPORTATION CONTRACT.txt,Expiration Date,long,35339,1,True,,,50126,29,stop,2.11,0.03314,results/raw/20260818T161756__extraction-v2__deepseek-v4-pro__GRANTIERRAENERGYINC_05_07_2012-EX-10.6-T__Expiration-Date.txt
GRANTIERRAENERGYINC_05_07_2012-EX-10.6-TRANSPORTATION CONTRACT.txt,Termination For Convenience,long,35339,0,True,,,50171,6,stop,1.3,0.03312,results/raw/20260818T161758__extraction-v2__deepseek-v4-pro__GRANTIERRAENERGYINC_05_07_2012-EX-10.6-T__Termination-For-Convenience.txt
GRANTIERRAENERGYINC_05_07_2012-EX-10.6-TRANSPORTATION CONTRACT.txt,Cap On Liability,long,35339,2,True,,,50148,138,stop,2.14,0.03337,results/raw/20260818T161800__extraction-v2__deepseek-v4-pro__GRANTIERRAENERGYINC_05_07_2012-EX-10.6-T__Cap-On-Liability.txt
GRANTIERRAENERGYINC_05_07_2012-EX-10.6-TRANSPORTATION CONTRACT.txt,Ip Ownership Assignment,long,35339,0,True,,,50185,6,stop,1.62,0.03313,results/raw/20260818T161802__extraction-v2__deepseek-v4-pro__GRANTIERRAENERGYINC_05_07_2012-EX-10.6-T__Ip-Ownership-Assignment.txt
GRANTIERRAENERGYINC_05_07_2012-EX-10.6-TRANSPORTATION CONTRACT.txt,Non-Compete,long,35339,0,True,,,50143,6,stop,1.39,0.03311,results/raw/20260818T161803__extraction-v2__deepseek-v4-pro__GRANTIERRAENERGYINC_05_07_2012-EX-10.6-T__Non-Compete.txt
HarpoonTherapeuticsInc_20200312_10-K_EX-10.18_12051356_EX-10.18_Development Agreement.txt,Governing Law,long,38518,1,True,,,54076,171,stop,3.65,0.03603,results/raw/20260818T161807__extraction-v2__deepseek-v4-pro__HarpoonTherapeuticsInc_20200312_10-K_EX-__Governing-Law.txt
HarpoonTherapeuticsInc_20200312_10-K_EX-10.18_12051356_EX-10.18_Development Agreement.txt,Expiration Date,long,38518,1,True,,,54073,90,stop,2.12,0.03587,results/raw/20260818T161809__extraction-v2__deepseek-v4-pro__HarpoonTherapeuticsInc_20200312_10-K_EX-__Expiration-Date.txt
HarpoonTherapeuticsInc_20200312_10-K_EX-10.18_12051356_EX-10.18_Development Agreement.txt,Termination For Convenience,long,38518,1,True,,,54118,63,stop,1.63,0.03584,results/raw/20260818T161810__extraction-v2__deepseek-v4-pro__HarpoonTherapeuticsInc_20200312_10-K_EX-__Termination-For-Convenience.txt
HarpoonTherapeuticsInc_20200312_10-K_EX-10.18_12051356_EX-10.18_Development Agreement.txt,Cap On Liability,long,38518,1,True,,,54095,301,stop,2.71,0.0363,results/raw/20260818T161813__extraction-v2__deepseek-v4-pro__HarpoonTherapeuticsInc_20200312_10-K_EX-__Cap-On-Liability.txt
HarpoonTherapeuticsInc_20200312_10-K_EX-10.18_12051356_EX-10.18_Development Agreement.txt,Ip Ownership Assignment,long,38518,1,True,,,54132,167,stop,2.36,0.03606,results/raw/20260818T161815__extraction-v2__deepseek-v4-pro__HarpoonTherapeuticsInc_20200312_10-K_EX-__Ip-Ownership-Assignment.txt
HarpoonTherapeuticsInc_20200312_10-K_EX-10.18_12051356_EX-10.18_Development Agreement.txt,Non-Compete,long,38518,3,True,,,54090,678,stop,4.71,0.03704,results/raw/20260818T161820__extraction-v2__deepseek-v4-pro__HarpoonTherapeuticsInc_20200312_10-K_EX-__Non-Compete.txt
PhasebioPharmaceuticalsInc_20200330_10-K_EX-10.21_12086810_EX-10.21_Development Agreement.txt,Governing Law,long,45650,1,True,,,63100,81,stop,3.11,0.04181,results/raw/20260818T161823__extraction-v2__deepseek-v4-pro__PhasebioPharmaceuticalsInc_20200330_10-K__Governing-Law.txt
PhasebioPharmaceuticalsInc_20200330_10-K_EX-10.21_12086810_EX-10.21_Development Agreement.txt,Expiration Date,long,45650,1,True,,,63097,77,stop,1.92,0.0418,results/raw/20260818T161825__extraction-v2__deepseek-v4-pro__PhasebioPharmaceuticalsInc_20200330_10-K__Expiration-Date.txt
PhasebioPharmaceuticalsInc_20200330_10-K_EX-10.21_12086810_EX-10.21_Development Agreement.txt,Termination For Convenience,long,45650,1,True,,,63142,287,stop,2.93,0.04224,results/raw/20260818T161828__extraction-v2__deepseek-v4-pro__PhasebioPharmaceuticalsInc_20200330_10-K__Termination-For-Convenience.txt
PhasebioPharmaceuticalsInc_20200330_10-K_EX-10.21_12086810_EX-10.21_Development Agreement.txt,Cap On Liability,long,45650,1,True,,,63119,461,stop,3.78,0.04257,results/raw/20260818T161832__extraction-v2__deepseek-v4-pro__PhasebioPharmaceuticalsInc_20200330_10-K__Cap-On-Liability.txt
PhasebioPharmaceuticalsInc_20200330_10-K_EX-10.21_12086810_EX-10.21_Development Agreement.txt,Ip Ownership Assignment,long,45650,4,True,,,63156,1067,stop,6.76,0.0438,results/raw/20260818T161839__extraction-v2__deepseek-v4-pro__PhasebioPharmaceuticalsInc_20200330_10-K__Ip-Ownership-Assignment.txt
PhasebioPharmaceuticalsInc_20200330_10-K_EX-10.21_12086810_EX-10.21_Development Agreement.txt,Non-Compete,long,45650,6,True,,,63114,335,stop,3.25,0.04232,results/raw/20260818T161842__extraction-v2__deepseek-v4-pro__PhasebioPharmaceuticalsInc_20200330_10-K__Non-Compete.txt
