contract,tier,category,stratum,word_count,gold_answer,model_answer,parse_error,call_error,tokens_in,tokens_out,finish_reason,latency_s,cost_usd,raw_path
RMRGROUPINC_01_22_2020-EX-99.1-JOINT FILING AGREEMENT.txt,easy,Governing Law,short,109,,not specified,,,340,7,stop,1.12,0.00024,results/raw/20260818T172140__qa-v2__deepseek-v4-pro__RMRGROUPINC_01_22_2020-EX-99.1-JOINT_FIL__Governing-Law.txt
RMRGROUPINC_01_22_2020-EX-99.1-JOINT FILING AGREEMENT.txt,moderate,Termination For Convenience,short,109,No,not specified,,,341,7,stop,1.01,0.00024,results/raw/20260818T172141__qa-v2__deepseek-v4-pro__RMRGROUPINC_01_22_2020-EX-99.1-JOINT_FIL__Termination-For-Convenience.txt
RMRGROUPINC_01_22_2020-EX-99.1-JOINT FILING AGREEMENT.txt,hard,Cap On Liability,short,109,No,No,,,352,6,stop,1.29,0.00024,results/raw/20260818T172142__qa-v2__deepseek-v4-pro__RMRGROUPINC_01_22_2020-EX-99.1-JOINT_FIL__Cap-On-Liability.txt
BANGIINC_05_25_2005-EX-10-Premium Managed Hosting Agreement.txt,easy,Expiration Date,short,302,2/28/06,02/28/2006,,,643,11,stop,1.05,0.00045,results/raw/20260818T172143__qa-v2__deepseek-v4-pro__BANGIINC_05_25_2005-EX-10-Premium_Manage__Expiration-Date.txt
BANGIINC_05_25_2005-EX-10-Premium Managed Hosting Agreement.txt,moderate,Termination For Convenience,short,302,No,not specified,,,633,7,stop,1.28,0.00043,results/raw/20260818T172144__qa-v2__deepseek-v4-pro__BANGIINC_05_25_2005-EX-10-Premium_Manage__Termination-For-Convenience.txt
BANGIINC_05_25_2005-EX-10-Premium Managed Hosting Agreement.txt,hard,Ip Ownership Assignment,short,302,No,not specified,,,640,7,stop,0.79,0.00044,results/raw/20260818T172145__qa-v2__deepseek-v4-pro__BANGIINC_05_25_2005-EX-10-Premium_Manage__Ip-Ownership-Assignment.txt
GridironBionutrientsInc_20171206_8-K_EX-10.2_10972556_EX-10.2_Endorsement Agreement.txt,easy,Governing Law,short,529,,not specified,,,1038,7,stop,0.85,0.0007,results/raw/20260818T172146__qa-v2__deepseek-v4-pro__GridironBionutrientsInc_20171206_8-K_EX-__Governing-Law.txt
GridironBionutrientsInc_20171206_8-K_EX-10.2_10972556_EX-10.2_Endorsement Agreement.txt,moderate,Termination For Convenience,short,529,No,not specified,,,1039,7,stop,1.29,0.0007,results/raw/20260818T172147__qa-v2__deepseek-v4-pro__GridironBionutrientsInc_20171206_8-K_EX-__Termination-For-Convenience.txt
GridironBionutrientsInc_20171206_8-K_EX-10.2_10972556_EX-10.2_Endorsement Agreement.txt,hard,Cap On Liability,short,529,No,No,,,1050,6,stop,0.8,0.0007,results/raw/20260818T172148__qa-v2__deepseek-v4-pro__GridironBionutrientsInc_20171206_8-K_EX-__Cap-On-Liability.txt
CardlyticsInc_20180112_S-1_EX-10.16_11002987_EX-10.16_Maintenance Agreement4.txt,easy,Expiration Date,short,756,,not specified,,,1344,7,stop,1.05,0.0009,results/raw/20260818T172149__qa-v2__deepseek-v4-pro__CardlyticsInc_20180112_S-1_EX-10.16_1100__Expiration-Date.txt
CardlyticsInc_20180112_S-1_EX-10.16_11002987_EX-10.16_Maintenance Agreement4.txt,moderate,Termination For Convenience,short,756,Yes,not specified,,,1334,7,stop,1.25,0.00089,results/raw/20260818T172151__qa-v2__deepseek-v4-pro__CardlyticsInc_20180112_S-1_EX-10.16_1100__Termination-For-Convenience.txt
CardlyticsInc_20180112_S-1_EX-10.16_11002987_EX-10.16_Maintenance Agreement4.txt,hard,Ip Ownership Assignment,short,756,No,not specified,,,1341,7,stop,0.94,0.0009,results/raw/20260818T172151__qa-v2__deepseek-v4-pro__CardlyticsInc_20180112_S-1_EX-10.16_1100__Ip-Ownership-Assignment.txt
"GRIDIRONBIONUTRIENTS,INC_02_05_2020-EX-10.3-SUPPLY AGREEMENT.txt",easy,Governing Law,short,903,Colorado,Colorado,,,1372,6,stop,0.78,0.00092,"results/raw/20260818T172152__qa-v2__deepseek-v4-pro__GRIDIRONBIONUTRIENTS,INC_02_05_2020-EX-1__Governing-Law.txt"
"GRIDIRONBIONUTRIENTS,INC_02_05_2020-EX-10.3-SUPPLY AGREEMENT.txt",moderate,Termination For Convenience,short,903,Yes,Yes,,,1373,6,stop,1.27,0.00092,"results/raw/20260818T172154__qa-v2__deepseek-v4-pro__GRIDIRONBIONUTRIENTS,INC_02_05_2020-EX-1__Termination-For-Convenience.txt"
"GRIDIRONBIONUTRIENTS,INC_02_05_2020-EX-10.3-SUPPLY AGREEMENT.txt",hard,Cap On Liability,short,903,No,No,,,1384,6,stop,0.73,0.00093,"results/raw/20260818T172154__qa-v2__deepseek-v4-pro__GRIDIRONBIONUTRIENTS,INC_02_05_2020-EX-1__Cap-On-Liability.txt"
FEDERATEDGOVERNMENTINCOMESECURITIESINC_04_28_2020-EX-99.SERV AGREE-SERVICES AGREEMENT.txt,easy,Expiration Date,short,1762,,not specified,,,2393,7,stop,1.03,0.00159,results/raw/20260818T172155__qa-v2__deepseek-v4-pro__FEDERATEDGOVERNMENTINCOMESECURITIESINC_0__Expiration-Date.txt
FEDERATEDGOVERNMENTINCOMESECURITIESINC_04_28_2020-EX-99.SERV AGREE-SERVICES AGREEMENT.txt,moderate,Termination For Convenience,short,1762,No,Yes,,,2383,6,stop,0.98,0.00158,results/raw/20260818T172156__qa-v2__deepseek-v4-pro__FEDERATEDGOVERNMENTINCOMESECURITIESINC_0__Termination-For-Convenience.txt
FEDERATEDGOVERNMENTINCOMESECURITIESINC_04_28_2020-EX-99.SERV AGREE-SERVICES AGREEMENT.txt,hard,Ip Ownership Assignment,short,1762,No,not specified,,,2390,7,stop,0.86,0.00159,results/raw/20260818T172157__qa-v2__deepseek-v4-pro__FEDERATEDGOVERNMENTINCOMESECURITIESINC_0__Ip-Ownership-Assignment.txt
ImperialGardenResortInc_20161028_DRS (on F-1)_EX-10.13_9963189_EX-10.13_Outsourcing Agreement.txt,easy,Governing Law,short,1849,Taiwan,not specified,,,2702,7,stop,1.05,0.0018,results/raw/20260818T172158__qa-v2__deepseek-v4-pro__ImperialGardenResortInc_20161028_DRS_(on__Governing-Law.txt
ImperialGardenResortInc_20161028_DRS (on F-1)_EX-10.13_9963189_EX-10.13_Outsourcing Agreement.txt,moderate,Termination For Convenience,short,1849,No,not specified,,,2703,7,stop,1.19,0.0018,results/raw/20260818T172159__qa-v2__deepseek-v4-pro__ImperialGardenResortInc_20161028_DRS_(on__Termination-For-Convenience.txt
ImperialGardenResortInc_20161028_DRS (on F-1)_EX-10.13_9963189_EX-10.13_Outsourcing Agreement.txt,hard,Cap On Liability,short,1849,No,No,,,2714,6,stop,1.04,0.0018,results/raw/20260818T172200__qa-v2__deepseek-v4-pro__ImperialGardenResortInc_20161028_DRS_(on__Cap-On-Liability.txt
REWALKROBOTICSLTD_07_10_2014-EX-10.2-STRATEGIC ALLIANCE AGREEMENT.txt,easy,Expiration Date,short,2320,9/24/23,09/24/2023,,,3317,11,stop,0.89,0.00221,results/raw/20260818T172201__qa-v2__deepseek-v4-pro__REWALKROBOTICSLTD_07_10_2014-EX-10.2-STR__Expiration-Date.txt
REWALKROBOTICSLTD_07_10_2014-EX-10.2-STRATEGIC ALLIANCE AGREEMENT.txt,moderate,Termination For Convenience,short,2320,Yes,Yes,,,3307,6,stop,0.85,0.00219,results/raw/20260818T172202__qa-v2__deepseek-v4-pro__REWALKROBOTICSLTD_07_10_2014-EX-10.2-STR__Termination-For-Convenience.txt
REWALKROBOTICSLTD_07_10_2014-EX-10.2-STRATEGIC ALLIANCE AGREEMENT.txt,hard,Ip Ownership Assignment,short,2320,No,No,,,3314,6,stop,1.04,0.0022,results/raw/20260818T172203__qa-v2__deepseek-v4-pro__REWALKROBOTICSLTD_07_10_2014-EX-10.2-STR__Ip-Ownership-Assignment.txt
MorganStanleyDirectLendingFund_20191119_10-12GA_EX-10.5_11898508_EX-10.5_Trademark License Agreement.txt,easy,Governing Law,short,2438,New York,New York,,,3800,7,stop,0.89,0.00252,results/raw/20260818T172204__qa-v2__deepseek-v4-pro__MorganStanleyDirectLendingFund_20191119___Governing-Law.txt
MorganStanleyDirectLendingFund_20191119_10-12GA_EX-10.5_11898508_EX-10.5_Trademark License Agreement.txt,moderate,Termination For Convenience,short,2438,Yes,Yes,,,3801,6,stop,1.5,0.00252,results/raw/20260818T172206__qa-v2__deepseek-v4-pro__MorganStanleyDirectLendingFund_20191119___Termination-For-Convenience.txt
MorganStanleyDirectLendingFund_20191119_10-12GA_EX-10.5_11898508_EX-10.5_Trademark License Agreement.txt,hard,Cap On Liability,short,2438,Yes,No,,,3812,6,stop,1.05,0.00253,results/raw/20260818T172207__qa-v2__deepseek-v4-pro__MorganStanleyDirectLendingFund_20191119___Cap-On-Liability.txt
GULFSOUTHMEDICALSUPPLYINC_12_24_1997-EX-4-AFFILIATE AGREEMENT.txt,easy,Expiration Date,short,2765,,not specified,,,4467,7,stop,1.24,0.00296,results/raw/20260818T172208__qa-v2__deepseek-v4-pro__GULFSOUTHMEDICALSUPPLYINC_12_24_1997-EX-__Expiration-Date.txt
GULFSOUTHMEDICALSUPPLYINC_12_24_1997-EX-4-AFFILIATE AGREEMENT.txt,moderate,Termination For Convenience,short,2765,No,No,,,4457,6,stop,1.18,0.00295,results/raw/20260818T172209__qa-v2__deepseek-v4-pro__GULFSOUTHMEDICALSUPPLYINC_12_24_1997-EX-__Termination-For-Convenience.txt
GULFSOUTHMEDICALSUPPLYINC_12_24_1997-EX-4-AFFILIATE AGREEMENT.txt,hard,Ip Ownership Assignment,short,2765,No,not specified,,,4464,7,stop,0.86,0.00296,results/raw/20260818T172210__qa-v2__deepseek-v4-pro__GULFSOUTHMEDICALSUPPLYINC_12_24_1997-EX-__Ip-Ownership-Assignment.txt
NEONSYSTEMSINC_03_01_1999-EX-10.5-DISTRIBUTOR AGREEMENT_Amendment.txt,easy,Governing Law,short,2848,,not specified,,,4372,7,stop,1.28,0.0029,results/raw/20260818T172211__qa-v2__deepseek-v4-pro__NEONSYSTEMSINC_03_01_1999-EX-10.5-DISTRI__Governing-Law.txt
NEONSYSTEMSINC_03_01_1999-EX-10.5-DISTRIBUTOR AGREEMENT_Amendment.txt,moderate,Termination For Convenience,short,2848,No,No,,,4373,6,stop,1.36,0.0029,results/raw/20260818T172213__qa-v2__deepseek-v4-pro__NEONSYSTEMSINC_03_01_1999-EX-10.5-DISTRI__Termination-For-Convenience.txt
NEONSYSTEMSINC_03_01_1999-EX-10.5-DISTRIBUTOR AGREEMENT_Amendment.txt,hard,Cap On Liability,short,2848,No,No,,,4384,6,stop,0.97,0.00291,results/raw/20260818T172214__qa-v2__deepseek-v4-pro__NEONSYSTEMSINC_03_01_1999-EX-10.5-DISTRI__Cap-On-Liability.txt
"XLITECHNOLOGIES,INC_12_11_2015-EX-10.1-Sponsorship Agreement.txt",easy,Expiration Date,short,2851,11/30/16,11/30/2016,,,3982,11,stop,0.91,0.00265,"results/raw/20260818T172215__qa-v2__deepseek-v4-pro__XLITECHNOLOGIES,INC_12_11_2015-EX-10.1-S__Expiration-Date.txt"
"XLITECHNOLOGIES,INC_12_11_2015-EX-10.1-Sponsorship Agreement.txt",moderate,Termination For Convenience,short,2851,No,No,,,3972,6,stop,1.28,0.00263,"results/raw/20260818T172216__qa-v2__deepseek-v4-pro__XLITECHNOLOGIES,INC_12_11_2015-EX-10.1-S__Termination-For-Convenience.txt"
"XLITECHNOLOGIES,INC_12_11_2015-EX-10.1-Sponsorship Agreement.txt",hard,Ip Ownership Assignment,short,2851,No,No,,,3979,6,stop,1.27,0.00264,"results/raw/20260818T172217__qa-v2__deepseek-v4-pro__XLITECHNOLOGIES,INC_12_11_2015-EX-10.1-S__Ip-Ownership-Assignment.txt"
ORBSATCORP_08_17_2007-EX-7.3-STRATEGIC ALLIANCE AGREEMENT.txt,easy,Governing Law,short,2909,,not specified,,,3944,7,stop,1.22,0.00262,results/raw/20260818T172218__qa-v2__deepseek-v4-pro__ORBSATCORP_08_17_2007-EX-7.3-STRATEGIC_A__Governing-Law.txt
ORBSATCORP_08_17_2007-EX-7.3-STRATEGIC ALLIANCE AGREEMENT.txt,moderate,Termination For Convenience,short,2909,Yes,Yes,,,3945,6,stop,1.26,0.00262,results/raw/20260818T172220__qa-v2__deepseek-v4-pro__ORBSATCORP_08_17_2007-EX-7.3-STRATEGIC_A__Termination-For-Convenience.txt
ORBSATCORP_08_17_2007-EX-7.3-STRATEGIC ALLIANCE AGREEMENT.txt,hard,Cap On Liability,short,2909,No,No,,,3956,6,stop,1.14,0.00262,results/raw/20260818T172221__qa-v2__deepseek-v4-pro__ORBSATCORP_08_17_2007-EX-7.3-STRATEGIC_A__Cap-On-Liability.txt
WEBHELPCOMINC_03_22_2000-EX-10.8-HOSTING AGREEMENT.txt,easy,Expiration Date,medium,2955,,not specified,,,4138,7,stop,1.29,0.00274,results/raw/20260818T172222__qa-v2__deepseek-v4-pro__WEBHELPCOMINC_03_22_2000-EX-10.8-HOSTING__Expiration-Date.txt
WEBHELPCOMINC_03_22_2000-EX-10.8-HOSTING AGREEMENT.txt,moderate,Termination For Convenience,medium,2955,No,Yes,,,4128,6,stop,1.44,0.00274,results/raw/20260818T172223__qa-v2__deepseek-v4-pro__WEBHELPCOMINC_03_22_2000-EX-10.8-HOSTING__Termination-For-Convenience.txt
WEBHELPCOMINC_03_22_2000-EX-10.8-HOSTING AGREEMENT.txt,hard,Ip Ownership Assignment,medium,2955,No,No,,,4135,6,stop,1.02,0.00274,results/raw/20260818T172225__qa-v2__deepseek-v4-pro__WEBHELPCOMINC_03_22_2000-EX-10.8-HOSTING__Ip-Ownership-Assignment.txt
SLOVAKWIRELESSFINANCECOBV_03_28_2001-EX-4.(B)(II).3-Maintenance and support contract for SICAP(R) modules.txt,easy,Governing Law,medium,3435,,not specified,,,5755,7,stop,1.02,0.00381,results/raw/20260818T172226__qa-v2__deepseek-v4-pro__SLOVAKWIRELESSFINANCECOBV_03_28_2001-EX-__Governing-Law.txt
SLOVAKWIRELESSFINANCECOBV_03_28_2001-EX-4.(B)(II).3-Maintenance and support contract for SICAP(R) modules.txt,moderate,Termination For Convenience,medium,3435,No,No,,,5756,6,stop,0.94,0.00381,results/raw/20260818T172226__qa-v2__deepseek-v4-pro__SLOVAKWIRELESSFINANCECOBV_03_28_2001-EX-__Termination-For-Convenience.txt
SLOVAKWIRELESSFINANCECOBV_03_28_2001-EX-4.(B)(II).3-Maintenance and support contract for SICAP(R) modules.txt,hard,Cap On Liability,medium,3435,Yes,No,,,5767,6,stop,1.19,0.00382,results/raw/20260818T172228__qa-v2__deepseek-v4-pro__SLOVAKWIRELESSFINANCECOBV_03_28_2001-EX-__Cap-On-Liability.txt
PREMIERBIOMEDICALINC_05_14_2020-EX-10.2-INTELLECTUAL PROPERTY AGREEMENT.txt,easy,Expiration Date,medium,3596,,not specified,,,5018,7,stop,1.3,0.00333,results/raw/20260818T172229__qa-v2__deepseek-v4-pro__PREMIERBIOMEDICALINC_05_14_2020-EX-10.2-__Expiration-Date.txt
PREMIERBIOMEDICALINC_05_14_2020-EX-10.2-INTELLECTUAL PROPERTY AGREEMENT.txt,moderate,Termination For Convenience,medium,3596,No,not specified,,,5008,7,stop,1.29,0.00332,results/raw/20260818T172230__qa-v2__deepseek-v4-pro__PREMIERBIOMEDICALINC_05_14_2020-EX-10.2-__Termination-For-Convenience.txt
PREMIERBIOMEDICALINC_05_14_2020-EX-10.2-INTELLECTUAL PROPERTY AGREEMENT.txt,hard,Ip Ownership Assignment,medium,3596,No,No,,,5015,6,stop,1.06,0.00332,results/raw/20260818T172231__qa-v2__deepseek-v4-pro__PREMIERBIOMEDICALINC_05_14_2020-EX-10.2-__Ip-Ownership-Assignment.txt
ADAMSGOLFINC_03_21_2005-EX-10.17-ENDORSEMENT AGREEMENT.txt,easy,Governing Law,medium,3770,Kansas,Kansas,,,5907,7,stop,1.06,0.00391,results/raw/20260818T172232__qa-v2__deepseek-v4-pro__ADAMSGOLFINC_03_21_2005-EX-10.17-ENDORSE__Governing-Law.txt
ADAMSGOLFINC_03_21_2005-EX-10.17-ENDORSEMENT AGREEMENT.txt,moderate,Termination For Convenience,medium,3770,No,No,,,5908,6,stop,0.96,0.00391,results/raw/20260818T172233__qa-v2__deepseek-v4-pro__ADAMSGOLFINC_03_21_2005-EX-10.17-ENDORSE__Termination-For-Convenience.txt
ADAMSGOLFINC_03_21_2005-EX-10.17-ENDORSEMENT AGREEMENT.txt,hard,Cap On Liability,medium,3770,No,No,,,5919,6,stop,1.11,0.00392,results/raw/20260818T172234__qa-v2__deepseek-v4-pro__ADAMSGOLFINC_03_21_2005-EX-10.17-ENDORSE__Cap-On-Liability.txt
FreezeTagInc_20180411_8-K_EX-10.1_11139603_EX-10.1_Sponsorship Agreement.txt,easy,Expiration Date,medium,4102,3/14/20,03/14/2020,,,5455,11,stop,2.1,0.00362,results/raw/20260818T172237__qa-v2__deepseek-v4-pro__FreezeTagInc_20180411_8-K_EX-10.1_111396__Expiration-Date.txt
FreezeTagInc_20180411_8-K_EX-10.1_11139603_EX-10.1_Sponsorship Agreement.txt,moderate,Termination For Convenience,medium,4102,No,Yes,,,5445,6,stop,1.33,0.00361,results/raw/20260818T172238__qa-v2__deepseek-v4-pro__FreezeTagInc_20180411_8-K_EX-10.1_111396__Termination-For-Convenience.txt
FreezeTagInc_20180411_8-K_EX-10.1_11139603_EX-10.1_Sponsorship Agreement.txt,hard,Ip Ownership Assignment,medium,4102,No,No,,,5452,6,stop,1.08,0.00361,results/raw/20260818T172239__qa-v2__deepseek-v4-pro__FreezeTagInc_20180411_8-K_EX-10.1_111396__Ip-Ownership-Assignment.txt
PelicanDeliversInc_20200211_S-1_EX-10.3_11975895_EX-10.3_Development Agreement2.txt,easy,Governing Law,medium,4870,,Washington,,,6671,6,stop,1.01,0.00441,results/raw/20260818T172240__qa-v2__deepseek-v4-pro__PelicanDeliversInc_20200211_S-1_EX-10.3___Governing-Law.txt
PelicanDeliversInc_20200211_S-1_EX-10.3_11975895_EX-10.3_Development Agreement2.txt,moderate,Termination For Convenience,medium,4870,Yes,Yes,,,6672,6,stop,1.09,0.00442,results/raw/20260818T172241__qa-v2__deepseek-v4-pro__PelicanDeliversInc_20200211_S-1_EX-10.3___Termination-For-Convenience.txt
PelicanDeliversInc_20200211_S-1_EX-10.3_11975895_EX-10.3_Development Agreement2.txt,hard,Cap On Liability,medium,4870,No,No,,,6683,6,stop,1.03,0.00442,results/raw/20260818T172242__qa-v2__deepseek-v4-pro__PelicanDeliversInc_20200211_S-1_EX-10.3___Cap-On-Liability.txt
AMBASSADOREYEWEARGROUPINC_11_17_1997-EX-10.28-ENDORSEMENT AGREEMENT.txt,easy,Expiration Date,medium,5780,1/30/00,01/30/2000,,,7968,11,stop,1.42,0.00528,results/raw/20260818T172244__qa-v2__deepseek-v4-pro__AMBASSADOREYEWEARGROUPINC_11_17_1997-EX-__Expiration-Date.txt
AMBASSADOREYEWEARGROUPINC_11_17_1997-EX-10.28-ENDORSEMENT AGREEMENT.txt,moderate,Termination For Convenience,medium,5780,No,No,,,7958,6,stop,1.33,0.00526,results/raw/20260818T172245__qa-v2__deepseek-v4-pro__AMBASSADOREYEWEARGROUPINC_11_17_1997-EX-__Termination-For-Convenience.txt
AMBASSADOREYEWEARGROUPINC_11_17_1997-EX-10.28-ENDORSEMENT AGREEMENT.txt,hard,Ip Ownership Assignment,medium,5780,No,Yes,,,7965,6,stop,0.92,0.00527,results/raw/20260818T172246__qa-v2__deepseek-v4-pro__AMBASSADOREYEWEARGROUPINC_11_17_1997-EX-__Ip-Ownership-Assignment.txt
GSVINC_05_15_1998-EX-10-SPONSORSHIP AGREEMENT.txt,easy,Governing Law,medium,5880,New York,New York,,,8553,7,stop,1.39,0.00566,results/raw/20260818T172247__qa-v2__deepseek-v4-pro__GSVINC_05_15_1998-EX-10-SPONSORSHIP_AGRE__Governing-Law.txt
GSVINC_05_15_1998-EX-10-SPONSORSHIP AGREEMENT.txt,moderate,Termination For Convenience,medium,5880,No,No,,,8554,6,stop,1.19,0.00566,results/raw/20260818T172248__qa-v2__deepseek-v4-pro__GSVINC_05_15_1998-EX-10-SPONSORSHIP_AGRE__Termination-For-Convenience.txt
GSVINC_05_15_1998-EX-10-SPONSORSHIP AGREEMENT.txt,hard,Cap On Liability,medium,5880,Yes,Yes,,,8565,6,stop,1.21,0.00566,results/raw/20260818T172250__qa-v2__deepseek-v4-pro__GSVINC_05_15_1998-EX-10-SPONSORSHIP_AGRE__Cap-On-Liability.txt
"NETGEAR,INC_04_21_2003-EX-10.16-DISTRIBUTOR AGREEMENT.txt",easy,Expiration Date,medium,6029,3/1/97,03/01/1997,,,8552,11,stop,1.69,0.00567,"results/raw/20260818T172251__qa-v2__deepseek-v4-pro__NETGEAR,INC_04_21_2003-EX-10.16-DISTRIBU__Expiration-Date.txt"
"NETGEAR,INC_04_21_2003-EX-10.16-DISTRIBUTOR AGREEMENT.txt",moderate,Termination For Convenience,medium,6029,Yes,Yes,,,8542,6,stop,1.34,0.00565,"results/raw/20260818T172253__qa-v2__deepseek-v4-pro__NETGEAR,INC_04_21_2003-EX-10.16-DISTRIBU__Termination-For-Convenience.txt"
"NETGEAR,INC_04_21_2003-EX-10.16-DISTRIBUTOR AGREEMENT.txt",hard,Ip Ownership Assignment,medium,6029,No,No,,,8549,6,stop,1.34,0.00565,"results/raw/20260818T172254__qa-v2__deepseek-v4-pro__NETGEAR,INC_04_21_2003-EX-10.16-DISTRIBU__Ip-Ownership-Assignment.txt"
"Columbia Laboratories, (Bermuda) Ltd. - AMEND NO. 2 TO MANUFACTURING AND SUPPLY AGREEMENT.txt",easy,Governing Law,medium,7145,England,England,,,9967,6,stop,1.42,0.00659,"results/raw/20260818T172255__qa-v2__deepseek-v4-pro__Columbia_Laboratories,_(Bermuda)_Ltd._-___Governing-Law.txt"
"Columbia Laboratories, (Bermuda) Ltd. - AMEND NO. 2 TO MANUFACTURING AND SUPPLY AGREEMENT.txt",moderate,Termination For Convenience,medium,7145,No,No,,,9968,6,stop,1.58,0.00659,"results/raw/20260818T172257__qa-v2__deepseek-v4-pro__Columbia_Laboratories,_(Bermuda)_Ltd._-___Termination-For-Convenience.txt"
"Columbia Laboratories, (Bermuda) Ltd. - AMEND NO. 2 TO MANUFACTURING AND SUPPLY AGREEMENT.txt",hard,Cap On Liability,medium,7145,No,No,,,9979,6,stop,0.9,0.0066,"results/raw/20260818T172258__qa-v2__deepseek-v4-pro__Columbia_Laboratories,_(Bermuda)_Ltd._-___Cap-On-Liability.txt"
LegacyEducationAllianceInc_20200330_10-K_EX-10.18_12090678_EX-10.18_Development Agreement.txt,easy,Expiration Date,medium,7337,12/23/24,12/22/2024,,,10262,11,stop,1.57,0.00679,results/raw/20260818T172300__qa-v2__deepseek-v4-pro__LegacyEducationAllianceInc_20200330_10-K__Expiration-Date.txt
LegacyEducationAllianceInc_20200330_10-K_EX-10.18_12090678_EX-10.18_Development Agreement.txt,moderate,Termination For Convenience,medium,7337,No,No,,,10252,6,stop,2.0,0.00678,results/raw/20260818T172302__qa-v2__deepseek-v4-pro__LegacyEducationAllianceInc_20200330_10-K__Termination-For-Convenience.txt
LegacyEducationAllianceInc_20200330_10-K_EX-10.18_12090678_EX-10.18_Development Agreement.txt,hard,Ip Ownership Assignment,medium,7337,Yes,No,,,10259,6,stop,1.3,0.00678,results/raw/20260818T172303__qa-v2__deepseek-v4-pro__LegacyEducationAllianceInc_20200330_10-K__Ip-Ownership-Assignment.txt
NANOPHASETECHNOLOGIESCORP_11_01_2005-EX-99.1-DISTRIBUTOR AGREEMENT.txt,easy,Governing Law,medium,7663,"Delaware, Illinois",Delaware,,,10480,7,stop,1.04,0.00693,results/raw/20260818T172304__qa-v2__deepseek-v4-pro__NANOPHASETECHNOLOGIESCORP_11_01_2005-EX-__Governing-Law.txt
NANOPHASETECHNOLOGIESCORP_11_01_2005-EX-99.1-DISTRIBUTOR AGREEMENT.txt,moderate,Termination For Convenience,medium,7663,Yes,Yes,,,10481,6,stop,1.17,0.00693,results/raw/20260818T172305__qa-v2__deepseek-v4-pro__NANOPHASETECHNOLOGIESCORP_11_01_2005-EX-__Termination-For-Convenience.txt
NANOPHASETECHNOLOGIESCORP_11_01_2005-EX-99.1-DISTRIBUTOR AGREEMENT.txt,hard,Cap On Liability,medium,7663,Yes,Yes,,,10492,6,stop,1.47,0.00694,results/raw/20260818T172307__qa-v2__deepseek-v4-pro__NANOPHASETECHNOLOGIESCORP_11_01_2005-EX-__Cap-On-Liability.txt
PenntexMidstreamPartnersLp_20150416_S-1A_EX-10.4_9042833_EX-10.4_Transportation Agreement.txt,easy,Expiration Date,medium,7965,12/31/30,not specified,,,10944,7,stop,1.37,0.00724,results/raw/20260818T172308__qa-v2__deepseek-v4-pro__PenntexMidstreamPartnersLp_20150416_S-1A__Expiration-Date.txt
PenntexMidstreamPartnersLp_20150416_S-1A_EX-10.4_9042833_EX-10.4_Transportation Agreement.txt,moderate,Termination For Convenience,medium,7965,No,Yes,,,10934,6,stop,1.67,0.00723,results/raw/20260818T172310__qa-v2__deepseek-v4-pro__PenntexMidstreamPartnersLp_20150416_S-1A__Termination-For-Convenience.txt
PenntexMidstreamPartnersLp_20150416_S-1A_EX-10.4_9042833_EX-10.4_Transportation Agreement.txt,hard,Ip Ownership Assignment,medium,7965,No,not specified,,,10941,7,stop,1.3,0.00723,results/raw/20260818T172311__qa-v2__deepseek-v4-pro__PenntexMidstreamPartnersLp_20150416_S-1A__Ip-Ownership-Assignment.txt
CORIOINC_07_20_2000-EX-10.5-LICENSE AND HOSTING AGREEMENT.txt,easy,Governing Law,long,8396,California,California,,,11940,6,stop,1.22,0.00789,results/raw/20260818T172312__qa-v2__deepseek-v4-pro__CORIOINC_07_20_2000-EX-10.5-LICENSE_AND___Governing-Law.txt
CORIOINC_07_20_2000-EX-10.5-LICENSE AND HOSTING AGREEMENT.txt,moderate,Termination For Convenience,long,8396,No,No,,,11941,6,stop,1.47,0.00789,results/raw/20260818T172314__qa-v2__deepseek-v4-pro__CORIOINC_07_20_2000-EX-10.5-LICENSE_AND___Termination-For-Convenience.txt
CORIOINC_07_20_2000-EX-10.5-LICENSE AND HOSTING AGREEMENT.txt,hard,Cap On Liability,long,8396,Yes,Yes,,,11952,6,stop,1.45,0.0079,results/raw/20260818T172315__qa-v2__deepseek-v4-pro__CORIOINC_07_20_2000-EX-10.5-LICENSE_AND___Cap-On-Liability.txt
ENERGYXXILTD_05_08_2015-EX-10.13-Transportation AGREEMENT.txt,easy,Expiration Date,long,9243,perpetual,not specified,,,14365,7,stop,1.92,0.00949,results/raw/20260818T172317__qa-v2__deepseek-v4-pro__ENERGYXXILTD_05_08_2015-EX-10.13-Transpo__Expiration-Date.txt
ENERGYXXILTD_05_08_2015-EX-10.13-Transportation AGREEMENT.txt,moderate,Termination For Convenience,long,9243,Yes,Yes,,,14355,6,stop,1.33,0.00949,results/raw/20260818T172318__qa-v2__deepseek-v4-pro__ENERGYXXILTD_05_08_2015-EX-10.13-Transpo__Termination-For-Convenience.txt
ENERGYXXILTD_05_08_2015-EX-10.13-Transportation AGREEMENT.txt,hard,Ip Ownership Assignment,long,9243,No,not specified,,,14362,7,stop,1.07,0.00949,results/raw/20260818T172319__qa-v2__deepseek-v4-pro__ENERGYXXILTD_05_08_2015-EX-10.13-Transpo__Ip-Ownership-Assignment.txt
CerenceInc_20191002_8-K_EX-10.4_11827494_EX-10.4_Intellectual Property Agreement.txt,easy,Governing Law,long,9608,Delaware,Delaware,,,13335,7,stop,1.18,0.00881,results/raw/20260818T172321__qa-v2__deepseek-v4-pro__CerenceInc_20191002_8-K_EX-10.4_11827494__Governing-Law.txt
CerenceInc_20191002_8-K_EX-10.4_11827494_EX-10.4_Intellectual Property Agreement.txt,moderate,Termination For Convenience,long,9608,Yes,No,,,13336,6,stop,1.2,0.00881,results/raw/20260818T172322__qa-v2__deepseek-v4-pro__CerenceInc_20191002_8-K_EX-10.4_11827494__Termination-For-Convenience.txt
CerenceInc_20191002_8-K_EX-10.4_11827494_EX-10.4_Intellectual Property Agreement.txt,hard,Cap On Liability,long,9608,Yes,No,,,13347,6,stop,1.13,0.00882,results/raw/20260818T172323__qa-v2__deepseek-v4-pro__CerenceInc_20191002_8-K_EX-10.4_11827494__Cap-On-Liability.txt
PareteumCorp_20081001_8-K_EX-99.1_2654808_EX-99.1_Hosting Agreement.txt,easy,Expiration Date,long,10213,,not specified,,,15205,7,stop,1.07,0.01005,results/raw/20260818T172324__qa-v2__deepseek-v4-pro__PareteumCorp_20081001_8-K_EX-99.1_265480__Expiration-Date.txt
PareteumCorp_20081001_8-K_EX-99.1_2654808_EX-99.1_Hosting Agreement.txt,moderate,Termination For Convenience,long,10213,Yes,Yes,,,15195,6,stop,1.58,0.01004,results/raw/20260818T172326__qa-v2__deepseek-v4-pro__PareteumCorp_20081001_8-K_EX-99.1_265480__Termination-For-Convenience.txt
PareteumCorp_20081001_8-K_EX-99.1_2654808_EX-99.1_Hosting Agreement.txt,hard,Ip Ownership Assignment,long,10213,No,No,,,15202,6,stop,1.08,0.01005,results/raw/20260818T172327__qa-v2__deepseek-v4-pro__PareteumCorp_20081001_8-K_EX-99.1_265480__Ip-Ownership-Assignment.txt
EtonPharmaceuticalsInc_20191114_10-Q_EX-10.1_11893941_EX-10.1_Development Agreement.txt,easy,Governing Law,long,10256,Delaware,Delaware,,,14473,7,stop,1.44,0.00957,results/raw/20260818T172328__qa-v2__deepseek-v4-pro__EtonPharmaceuticalsInc_20191114_10-Q_EX-__Governing-Law.txt
EtonPharmaceuticalsInc_20191114_10-Q_EX-10.1_11893941_EX-10.1_Development Agreement.txt,moderate,Termination For Convenience,long,10256,Yes,Yes,,,14474,6,stop,1.25,0.00956,results/raw/20260818T172329__qa-v2__deepseek-v4-pro__EtonPharmaceuticalsInc_20191114_10-Q_EX-__Termination-For-Convenience.txt
EtonPharmaceuticalsInc_20191114_10-Q_EX-10.1_11893941_EX-10.1_Development Agreement.txt,hard,Cap On Liability,long,10256,Yes,No,,,14485,6,stop,1.35,0.00957,results/raw/20260818T172331__qa-v2__deepseek-v4-pro__EtonPharmaceuticalsInc_20191114_10-Q_EX-__Cap-On-Liability.txt
VERTICALNETINC_04_01_2002-EX-10.19-MAINTENANCE AND SUPPORT AGREEMENT.txt,easy,Expiration Date,long,10705,3/31/03,03/31/2003,,,14744,11,stop,1.64,0.00975,results/raw/20260818T172332__qa-v2__deepseek-v4-pro__VERTICALNETINC_04_01_2002-EX-10.19-MAINT__Expiration-Date.txt
VERTICALNETINC_04_01_2002-EX-10.19-MAINTENANCE AND SUPPORT AGREEMENT.txt,moderate,Termination For Convenience,long,10705,No,No,,,14734,6,stop,1.41,0.00974,results/raw/20260818T172334__qa-v2__deepseek-v4-pro__VERTICALNETINC_04_01_2002-EX-10.19-MAINT__Termination-For-Convenience.txt
VERTICALNETINC_04_01_2002-EX-10.19-MAINTENANCE AND SUPPORT AGREEMENT.txt,hard,Ip Ownership Assignment,long,10705,No,No,,,14741,6,stop,1.46,0.00974,results/raw/20260818T172335__qa-v2__deepseek-v4-pro__VERTICALNETINC_04_01_2002-EX-10.19-MAINT__Ip-Ownership-Assignment.txt
ScansourceInc_20190822_10-K_EX-10.38_11793958_EX-10.38_Distributor Agreement1.txt,easy,Governing Law,long,12904,New York,New York,,,18283,7,stop,1.71,0.01208,results/raw/20260818T172337__qa-v2__deepseek-v4-pro__ScansourceInc_20190822_10-K_EX-10.38_117__Governing-Law.txt
ScansourceInc_20190822_10-K_EX-10.38_11793958_EX-10.38_Distributor Agreement1.txt,moderate,Termination For Convenience,long,12904,Yes,Yes,,,18284,6,stop,1.05,0.01208,results/raw/20260818T172338__qa-v2__deepseek-v4-pro__ScansourceInc_20190822_10-K_EX-10.38_117__Termination-For-Convenience.txt
ScansourceInc_20190822_10-K_EX-10.38_11793958_EX-10.38_Distributor Agreement1.txt,hard,Cap On Liability,long,12904,Yes,Yes,,,18295,6,stop,0.99,0.01209,results/raw/20260818T172339__qa-v2__deepseek-v4-pro__ScansourceInc_20190822_10-K_EX-10.38_117__Cap-On-Liability.txt
TELEGLOBEINTERNATIONALHOLDINGSLTD_03_29_2004-EX-10.10-CONSTRUCTION AND MAINTENANCE AGREEMENT.txt,easy,Expiration Date,long,15095,4/18/25,09/30/2026,,,19600,11,stop,1.79,0.01296,results/raw/20260818T172341__qa-v2__deepseek-v4-pro__TELEGLOBEINTERNATIONALHOLDINGSLTD_03_29___Expiration-Date.txt
TELEGLOBEINTERNATIONALHOLDINGSLTD_03_29_2004-EX-10.10-CONSTRUCTION AND MAINTENANCE AGREEMENT.txt,moderate,Termination For Convenience,long,15095,Yes,Yes,,,19590,6,stop,1.3,0.01294,results/raw/20260818T172342__qa-v2__deepseek-v4-pro__TELEGLOBEINTERNATIONALHOLDINGSLTD_03_29___Termination-For-Convenience.txt
TELEGLOBEINTERNATIONALHOLDINGSLTD_03_29_2004-EX-10.10-CONSTRUCTION AND MAINTENANCE AGREEMENT.txt,hard,Ip Ownership Assignment,long,15095,No,not specified,,,19597,7,stop,1.19,0.01295,results/raw/20260818T172343__qa-v2__deepseek-v4-pro__TELEGLOBEINTERNATIONALHOLDINGSLTD_03_29___Ip-Ownership-Assignment.txt
ReynoldsConsumerProductsInc_20200121_S-1A_EX-10.22_11948918_EX-10.22_Service Agreement.txt,easy,Governing Law,long,17207,Illinois,Illinois,,,24379,7,stop,1.53,0.0161,results/raw/20260818T172345__qa-v2__deepseek-v4-pro__ReynoldsConsumerProductsInc_20200121_S-1__Governing-Law.txt
ReynoldsConsumerProductsInc_20200121_S-1A_EX-10.22_11948918_EX-10.22_Service Agreement.txt,moderate,Termination For Convenience,long,17207,Yes,Yes,,,24380,6,stop,1.53,0.0161,results/raw/20260818T172346__qa-v2__deepseek-v4-pro__ReynoldsConsumerProductsInc_20200121_S-1__Termination-For-Convenience.txt
ReynoldsConsumerProductsInc_20200121_S-1A_EX-10.22_11948918_EX-10.22_Service Agreement.txt,hard,Cap On Liability,long,17207,Yes,Yes,,,24391,6,stop,1.35,0.01611,results/raw/20260818T172348__qa-v2__deepseek-v4-pro__ReynoldsConsumerProductsInc_20200121_S-1__Cap-On-Liability.txt
NICELTD_06_26_2003-EX-4.5-OUTSOURCING AGREEMENT.txt,easy,Expiration Date,long,18608,1/21/05,01/21/2005,,,26219,11,stop,1.87,0.01733,results/raw/20260818T172350__qa-v2__deepseek-v4-pro__NICELTD_06_26_2003-EX-4.5-OUTSOURCING_AG__Expiration-Date.txt
NICELTD_06_26_2003-EX-4.5-OUTSOURCING AGREEMENT.txt,moderate,Termination For Convenience,long,18608,Yes,Yes,,,26209,6,stop,2.07,0.01731,results/raw/20260818T172352__qa-v2__deepseek-v4-pro__NICELTD_06_26_2003-EX-4.5-OUTSOURCING_AG__Termination-For-Convenience.txt
NICELTD_06_26_2003-EX-4.5-OUTSOURCING AGREEMENT.txt,hard,Ip Ownership Assignment,long,18608,No,No,,,26216,6,stop,1.65,0.01731,results/raw/20260818T172353__qa-v2__deepseek-v4-pro__NICELTD_06_26_2003-EX-4.5-OUTSOURCING_AG__Ip-Ownership-Assignment.txt
DovaPharmaceuticalsInc_20181108_10-Q_EX-10.2_11414857_EX-10.2_Promotion Agreement.txt,easy,Governing Law,long,26789,[* * *],not specified,,,37461,7,stop,2.27,0.02474,results/raw/20260818T172356__qa-v2__deepseek-v4-pro__DovaPharmaceuticalsInc_20181108_10-Q_EX-__Governing-Law.txt
DovaPharmaceuticalsInc_20181108_10-Q_EX-10.2_11414857_EX-10.2_Promotion Agreement.txt,moderate,Termination For Convenience,long,26789,Yes,Yes,,,37462,6,stop,1.44,0.02474,results/raw/20260818T172357__qa-v2__deepseek-v4-pro__DovaPharmaceuticalsInc_20181108_10-Q_EX-__Termination-For-Convenience.txt
DovaPharmaceuticalsInc_20181108_10-Q_EX-10.2_11414857_EX-10.2_Promotion Agreement.txt,hard,Cap On Liability,long,26789,Yes,No,,,37473,6,stop,1.2,0.02474,results/raw/20260818T172358__qa-v2__deepseek-v4-pro__DovaPharmaceuticalsInc_20181108_10-Q_EX-__Cap-On-Liability.txt
GRANTIERRAENERGYINC_05_07_2012-EX-10.6-TRANSPORTATION CONTRACT.txt,easy,Expiration Date,long,35339,7/29/12,07/29/2012,,,50124,11,stop,2.97,0.0331,results/raw/20260818T172401__qa-v2__deepseek-v4-pro__GRANTIERRAENERGYINC_05_07_2012-EX-10.6-T__Expiration-Date.txt
GRANTIERRAENERGYINC_05_07_2012-EX-10.6-TRANSPORTATION CONTRACT.txt,moderate,Termination For Convenience,long,35339,No,No,,,50114,6,stop,1.37,0.03309,results/raw/20260818T172403__qa-v2__deepseek-v4-pro__GRANTIERRAENERGYINC_05_07_2012-EX-10.6-T__Termination-For-Convenience.txt
GRANTIERRAENERGYINC_05_07_2012-EX-10.6-TRANSPORTATION CONTRACT.txt,hard,Ip Ownership Assignment,long,35339,No,No,,,50121,6,stop,1.19,0.03309,results/raw/20260818T172404__qa-v2__deepseek-v4-pro__GRANTIERRAENERGYINC_05_07_2012-EX-10.6-T__Ip-Ownership-Assignment.txt
HarpoonTherapeuticsInc_20200312_10-K_EX-10.18_12051356_EX-10.18_Development Agreement.txt,easy,Governing Law,long,38518,Delaware,Delaware,,,54060,7,stop,3.25,0.03569,results/raw/20260818T172407__qa-v2__deepseek-v4-pro__HarpoonTherapeuticsInc_20200312_10-K_EX-__Governing-Law.txt
HarpoonTherapeuticsInc_20200312_10-K_EX-10.18_12051356_EX-10.18_Development Agreement.txt,moderate,Termination For Convenience,long,38518,Yes,Yes,,,54061,6,stop,1.96,0.03569,results/raw/20260818T172409__qa-v2__deepseek-v4-pro__HarpoonTherapeuticsInc_20200312_10-K_EX-__Termination-For-Convenience.txt
HarpoonTherapeuticsInc_20200312_10-K_EX-10.18_12051356_EX-10.18_Development Agreement.txt,hard,Cap On Liability,long,38518,Yes,No,,,54072,6,stop,1.6,0.0357,results/raw/20260818T172411__qa-v2__deepseek-v4-pro__HarpoonTherapeuticsInc_20200312_10-K_EX-__Cap-On-Liability.txt
PhasebioPharmaceuticalsInc_20200330_10-K_EX-10.21_12086810_EX-10.21_Development Agreement.txt,easy,Expiration Date,long,45650,,not specified,,,63095,7,stop,2.99,0.04166,results/raw/20260818T172414__qa-v2__deepseek-v4-pro__PhasebioPharmaceuticalsInc_20200330_10-K__Expiration-Date.txt
PhasebioPharmaceuticalsInc_20200330_10-K_EX-10.21_12086810_EX-10.21_Development Agreement.txt,moderate,Termination For Convenience,long,45650,No,Yes,,,63085,6,stop,1.52,0.04165,results/raw/20260818T172415__qa-v2__deepseek-v4-pro__PhasebioPharmaceuticalsInc_20200330_10-K__Termination-For-Convenience.txt
PhasebioPharmaceuticalsInc_20200330_10-K_EX-10.21_12086810_EX-10.21_Development Agreement.txt,hard,Ip Ownership Assignment,long,45650,Yes,Yes,,,63092,6,stop,1.43,0.04165,results/raw/20260818T172417__qa-v2__deepseek-v4-pro__PhasebioPharmaceuticalsInc_20200330_10-K__Ip-Ownership-Assignment.txt
