Filename,txt_name,txt_path,word_count,stratum,Governing Law,Expiration Date,Termination For Convenience,Cap On Liability,Ip Ownership Assignment,Non-Compete,Governing Law-Answer,Expiration Date-Answer,Termination For Convenience-Answer,Cap On Liability-Answer,Ip Ownership Assignment-Answer,Non-Compete-Answer
RMRGROUPINC_01_22_2020-EX-99.1-JOINT FILING AGREEMENT.PDF,RMRGROUPINC_01_22_2020-EX-99.1-JOINT FILING AGREEMENT.txt,/Users/boudz/Documents/Msc/Dissertation/data/cuad/CUAD_v1/full_contract_txt/Part_II/RMRGROUPINC_01_22_2020-EX-99.1-JOINT FILING AGREEMENT.txt,109,short,[],[],[],[],[],[],,,No,No,No,No
BANGIINC_05_25_2005-EX-10-Premium Managed Hosting Agreement.PDF,BANGIINC_05_25_2005-EX-10-Premium Managed Hosting Agreement.txt,/Users/boudz/Documents/Msc/Dissertation/data/cuad/CUAD_v1/full_contract_txt/Part_I/BANGIINC_05_25_2005-EX-10-Premium Managed Hosting Agreement.txt,302,short,[],"['The effective term is 12 months beginning March 1, 2005 and ending February 28, 2006.']",[],[],[],[],,2/28/06,No,No,No,No
GridironBionutrientsInc_20171206_8-K_EX-10.2_10972556_EX-10.2_Endorsement Agreement.pdf,GridironBionutrientsInc_20171206_8-K_EX-10.2_10972556_EX-10.2_Endorsement Agreement.txt,/Users/boudz/Documents/Msc/Dissertation/data/cuad/CUAD_v1/full_contract_txt/Part_I/GridironBionutrientsInc_20171206_8-K_EX-10.2_10972556_EX-10.2_Endorsement Agreement.txt,529,short,[],[],[],[],[],[],,,No,No,No,No
CardlyticsInc_20180112_S-1_EX-10.16_11002987_EX-10.16_Maintenance Agreement4.pdf,CardlyticsInc_20180112_S-1_EX-10.16_11002987_EX-10.16_Maintenance Agreement4.txt,/Users/boudz/Documents/Msc/Dissertation/data/cuad/CUAD_v1/full_contract_txt/Part_I/CardlyticsInc_20180112_S-1_EX-10.16_11002987_EX-10.16_Maintenance Agreement4.txt,756,short,[],['The first paid (Initial) Maintenance Term shall commence upon expiration of the Warranty Period and shall continue for twelve (12) months thereafter.'],"['Bank of America may terminate Maintenance Services for convenience at any time in accordance with the Section entitled ""Termination"" of the Agreement.']",[],[],[],,,Yes,No,No,No
"GRIDIRONBIONUTRIENTS,INC_02_05_2020-EX-10.3-SUPPLY AGREEMENT.PDF","GRIDIRONBIONUTRIENTS,INC_02_05_2020-EX-10.3-SUPPLY AGREEMENT.txt","/Users/boudz/Documents/Msc/Dissertation/data/cuad/CUAD_v1/full_contract_txt/Part_I/GRIDIRONBIONUTRIENTS,INC_02_05_2020-EX-10.3-SUPPLY AGREEMENT.txt",903,short,['This Agreement and any amendments thereto shall be construed according to the laws of the State of Colorado without regard to conflicts of law principles and any disputes hereunder shall be litigated in a state court in Colorado.'],[],['Either Party may terminate this Agreement at any time prior to delivery of the Product.'],[],[],[],Colorado,,Yes,No,No,No
FEDERATEDGOVERNMENTINCOMESECURITIESINC_04_28_2020-EX-99.SERV AGREE-SERVICES AGREEMENT.PDF,FEDERATEDGOVERNMENTINCOMESECURITIESINC_04_28_2020-EX-99.SERV AGREE-SERVICES AGREEMENT.txt,/Users/boudz/Documents/Msc/Dissertation/data/cuad/CUAD_v1/full_contract_txt/Part_I/FEDERATEDGOVERNMENTINCOMESECURITIESINC_04_28_2020-EX-99.SERV AGREE-SERVICES AGREEMENT.txt,1762,short,['This Agreement shall be governed by and construed in accordance with the laws of the Commonwealth of Pennsylvania.'],"['Notwithstanding the foregoing, to the extent that the Services to be provided with respect to any Account which is registered as an investment company under the 1940 Act (herein referred to as a ""registered investment company"") are services referred to in the definition of ""investment advisor"" under Section 202(a)(11) of the Investment Company Act of 1940 (herein referred to as ""investment advisory services""), then with respect to such Account, this Agreement:\n\n(i) shall not commence until the effective date of its approval by the board of directors or trustees (""Board"") of such Account;\n\n(ii) shall continue from year to year thereafter, subject to the provisions for termination and all other terms and conditions hereof, only if such continuation shall be specifically approved at least annually by a majority of the Board, including a majority of the members of the Board who are not parties to this Agreement or interested persons of any such party (other than as members of the Board) cast in person at a meeting called for that purpose;\n\n(iii) may be terminated at any time without the payment of any penalty by the Board or by a vote of a majority of the outstanding voting securities (as defined in Section 2(a)(42) of the 1940 Act) of the Account on 60 days\' written notice to the Adviser;\n\n(iv) shall automatically terminate in the event of (A) its assignment (as defined in the 1940 Act) or (B) termination of the Advisory Agreement for any reason whatsoever.', ""Subject to the remaining provisions of this Section, the term of this Agreement shall begin on the effective date first above written and shall continue until terminated by mutual agreement of the parties hereto or by either party on not less than 60 days' written notice to the other party hereto.""]",[],['The Adviser and FASC are each hereby expressly put on notice of the limitation of liability set forth in the Declaration of Trust of the other party.'],[],[],Pennsylvania,,No,Yes,No,No
ImperialGardenResortInc_20161028_DRS (on F-1)_EX-10.13_9963189_EX-10.13_Outsourcing Agreement.pdf,ImperialGardenResortInc_20161028_DRS (on F-1)_EX-10.13_9963189_EX-10.13_Outsourcing Agreement.txt,/Users/boudz/Documents/Msc/Dissertation/data/cuad/CUAD_v1/full_contract_txt/Part_I/ImperialGardenResortInc_20161028_DRS (on F-1)_EX-10.13_9963189_EX-10.13_Outsourcing Agreement.txt,1849,short,"['Should either Party herein initiate a legal proceeding for revoking any arbitration result regarding the Contract, both Parties herein agree to take the Miaoli District Court of Taiwan as the competent court of first instance pursuant to the laws of the R.O.C..']",[],[],[],[],[],Taiwan,,No,No,No,No
REWALKROBOTICSLTD_07_10_2014-EX-10.2-STRATEGIC ALLIANCE AGREEMENT.PDF,REWALKROBOTICSLTD_07_10_2014-EX-10.2-STRATEGIC ALLIANCE AGREEMENT.txt,/Users/boudz/Documents/Msc/Dissertation/data/cuad/CUAD_v1/full_contract_txt/Part_II/REWALKROBOTICSLTD_07_10_2014-EX-10.2-STRATEGIC ALLIANCE AGREEMENT.txt,2320,short,['This agreement will be governed by and must be construed in accordance with the laws of the State of Israel'],"['Unless sooner terminated in accordance with the provisions hereof, the initial term of this Agreement (""Initial Term"") will be ten (10) years from the Effective Date, provided that at any time following the 7th anniversary of such date, either party may terminate such strategic alliance upon not less than 60 days\' prior written notice to the other party.']","['Unless sooner terminated in accordance with the provisions hereof, the initial term of this Agreement (""Initial Term"") will be ten (10) years from the Effective Date, provided that at any time following the 7th anniversary of such date, either party may terminate such strategic alliance upon not less than 60 days\' prior written notice to the other party.', ""provided that at any time following the 7th anniversary of such date, either party may terminate such strategic alliance upon not less than 60 days' prior written notice to the other party.""]",[],[],[],Israel,9/24/23,Yes,No,No,No
MorganStanleyDirectLendingFund_20191119_10-12GA_EX-10.5_11898508_EX-10.5_Trademark License Agreement.pdf,MorganStanleyDirectLendingFund_20191119_10-12GA_EX-10.5_11898508_EX-10.5_Trademark License Agreement.txt,/Users/boudz/Documents/Msc/Dissertation/data/cuad/CUAD_v1/full_contract_txt/Part_II/MorganStanleyDirectLendingFund_20191119_10-12GA_EX-10.5_11898508_EX-10.5_Trademark License Agreement.txt,2438,short,"['THIS AGREEMENT SHALL BE GOVERNED BY, AND CONSTRUED AND INTERPRETED IN ACCORDANCE WITH, THE LAW OF THE STATE OF NEW YORK.']","['The term of this Agreement commences on the Effective Date and continues in perpetuity, unless termination occurs pursuant to Sections 4.2 through 4.4.']","['Licensor reserves the right to terminate this Agreement immediately upon written notice for any reason, including if the usage of the Brand is not in compliance with the standards and policies.']","[""EXCEPT WITH RESPECT TO LICENSEE'S INDEMNIFICATION OBLIGATIONS UNDER SECTION 7, NEITHER PARTY WILL BE LIABLE TO THE OTHER PARTY FOR SPECIAL, INDIRECT, CONSEQUENTIAL, EXEMPLARY, PUNITIVE OR INCIDENTAL DAMAGES (INCLUDING LOST PROFITS OR GOODWILL, BUSINESS<omitted>INTERRUPTION AND THE LIKE) RELATING TO THIS AGREEMENT, EVEN IF IT HAS BEEN ADVISED OF THE POSSIBILITY OF SUCH DAMAGES.""]","[""The parties intend that any and all goodwill in the Brand arising from Licensee's or any applicable sublicensees' Permitted Activity shall inure solely to the benefit of Licensor."", 'Notwithstanding the foregoing, in the event that Licensee or any sublicensee is deemed to own any rights in the Brand, Licensee hereby irrevocably assigns (or shall cause such sublicensees to assign), without further consideration, such rights to Licensor together with all goodwill associated therewith.']",[],New York,perpetual,Yes,Yes,Yes,No
GULFSOUTHMEDICALSUPPLYINC_12_24_1997-EX-4-AFFILIATE AGREEMENT.PDF,GULFSOUTHMEDICALSUPPLYINC_12_24_1997-EX-4-AFFILIATE AGREEMENT.txt,/Users/boudz/Documents/Msc/Dissertation/data/cuad/CUAD_v1/full_contract_txt/Part_I/GULFSOUTHMEDICALSUPPLYINC_12_24_1997-EX-4-AFFILIATE AGREEMENT.txt,2765,short,['This Affiliate Agreement shall be governed by the laws of the State of Delaware.'],[],[],[],[],[],Delaware,,No,No,No,No
NEONSYSTEMSINC_03_01_1999-EX-10.5-DISTRIBUTOR AGREEMENT_Amendment.pdf,NEONSYSTEMSINC_03_01_1999-EX-10.5-DISTRIBUTOR AGREEMENT_Amendment.txt,/Users/boudz/Documents/Msc/Dissertation/data/cuad/CUAD_v1/full_contract_txt/Part_II/NEONSYSTEMSINC_03_01_1999-EX-10.5-DISTRIBUTOR AGREEMENT_Amendment.txt,2848,short,['This Amendment shall be governed by and construed under the law governing the Distributor Agreement.'],"['This Agreement shall be effective           through and including March 31, 2004.']",[],[],[],[],,3/31/04,No,No,No,No
"XLITECHNOLOGIES,INC_12_11_2015-EX-10.1-Sponsorship Agreement.PDF","XLITECHNOLOGIES,INC_12_11_2015-EX-10.1-Sponsorship Agreement.txt","/Users/boudz/Documents/Msc/Dissertation/data/cuad/CUAD_v1/full_contract_txt/Part_II/XLITECHNOLOGIES,INC_12_11_2015-EX-10.1-Sponsorship Agreement.txt",2851,short,[],"['Unless earlier terminated, this Agreement shall take effect on December 1st, 2015 and shall expire on November 30, 2016.']",[],[],[],[],,11/30/16,No,No,No,No
ORBSATCORP_08_17_2007-EX-7.3-STRATEGIC ALLIANCE AGREEMENT.PDF,ORBSATCORP_08_17_2007-EX-7.3-STRATEGIC ALLIANCE AGREEMENT.txt,/Users/boudz/Documents/Msc/Dissertation/data/cuad/CUAD_v1/full_contract_txt/Part_II/ORBSATCORP_08_17_2007-EX-7.3-STRATEGIC ALLIANCE AGREEMENT.txt,2909,short,[],"['The term of the Agreement will be for 12 months unless terminated sooner', 'The term of the Agreement will be for 12 months unless terminated sooner.']","['Either party may terminate this Agreement at any time with 30 days written notice.', 'Either party may terminate this agreement at any time with 30 days written notice.']",[],[],"['Should AVDU decide not to proceed in the acquisition of the technology/company as described above, then AVDU shall be prohibited from acquiring the technology/company either directly or indirectly, from the technology/company developer for a period of 24 months following the termination of this Strategic Alliance Agreement.', 'AVDU will not seek to acquire any technologies presented to AVDU by UTK directly from the technology developer for a period of 24 months following the termination of this Strategic Alliance agreement.']",,9/9/06,Yes,No,No,Yes
WEBHELPCOMINC_03_22_2000-EX-10.8-HOSTING AGREEMENT.PDF,WEBHELPCOMINC_03_22_2000-EX-10.8-HOSTING AGREEMENT.txt,/Users/boudz/Documents/Msc/Dissertation/data/cuad/CUAD_v1/full_contract_txt/Part_II/WEBHELPCOMINC_03_22_2000-EX-10.8-HOSTING AGREEMENT.txt,2955,medium,['This Agreement shall be governed by and construed in accordance with the laws of the State of California exclusive of its conflict of laws principles.'],"['This Agreement shall continue in effect from the Effective Date for a one (1) year period, unless earlier terminated as set forth below, and thereafter shall renew automatically for successive one (1) year periods unless either party gives the other party at least thirty (30) days prior written notice of its intent not to renew the Agreement.']",[],"[""In the event that the Software or eGain System is not Year 2000 Compliant, Customer's sole and exclusive remedy and eGain's sole and exclusive liability shall be for eGain, at no additional cost to Customer, to promptly modify the Software or the eGain System so that the Software or eGain System is Year 2000 Compliant."", ""In the event of a breach (other than Downtime) of the warranty set forth in Section 6.1(i) above, Customer's sole and exclusive remedy, and eGain's sole and exclusive liability shall be, at eGain's option, repair or replacement of the Software."", 'In the event of Downtime (as defined in this Section 6.1 below), as Customer\'s sole and exclusive remedy and eGain\'s sole and exclusive liability, the monthly fee payable for the Hosting Services shall be reduced as follows:\n\na) For the first sixty (60) minutes of Downtime during Normal Business       Hours or the first four (4) hours of Downtime outside of Normal Business       Hours (""Initial Downtime""), eGain will credit Customer\'s account for one       (1) day of service.\n\nb) For each eight (8) hour period of Downtime per day in addition to the       Initial Downtime, eGain will credit Customer\'s account for one (1)       additional day of service.', ""EXCLUDING LIABILITY FOR INFRINGEMENT CLAIMS AS DISCUSSED IN SECTION 9 OF THIS AGREEMENT, IN NO EVENT SHALL eGAIN BE LIABLE TO CUSTOMER FOR CONSEQUENTIAL, EXEMPLARY, INDIRECT, SPECIAL OR INCIDENTAL DAMAGES (INCLUDING, WITHOUT LIMITATION, LOST PROFITS), OR BE LIABLE TO ANY THIRD PARTY FOR ANY DAMAGES WHATSOEVER, EVEN IF eGAIN HAS BEEN ADVISED OF THE POSSIBILITY OF SUCH DAMAGES. eGain's entire liability under this Agreement for any damages from any cause whatsoever, regardless of form or action, whether in contract, negligence or otherwise, shall in no event exceed an amount equal to the price paid for the Services out of which the claim arose."", ""THE FOREGOING CONSTITUTES CUSTOMER'S SOLE AND EXCLUSIVE REMEDY, AND eGAIN'S ENTIRE LIABILITY, FOR DOWNTIME AND FOR BREACH OF THE HOSTING SERVICES WARRANTY PROVIDED IN THIS SECTION 6.1.""]",[],[],California,,No,Yes,No,No
SLOVAKWIRELESSFINANCECOBV_03_28_2001-EX-4.(B)(II).3-Maintenance and support contract for SICAP(R) modules.PDF,SLOVAKWIRELESSFINANCECOBV_03_28_2001-EX-4.(B)(II).3-Maintenance and support contract for SICAP(R) modules.txt,/Users/boudz/Documents/Msc/Dissertation/data/cuad/CUAD_v1/full_contract_txt/Part_II/SLOVAKWIRELESSFINANCECOBV_03_28_2001-EX-4.(B)(II).3-Maintenance and support contract for SICAP(R) modules.txt,3435,medium,[],['It shall be effective on 06 October 2000 and shall have a duration of two       years.'],[],"[""Sicap Ltd's liability for indirect loss, including consequential loss,       loss of profit, lost savings and loss caused by interruption of operations       is excluded.""]",[],[],,10/6/02,No,Yes,No,No
PREMIERBIOMEDICALINC_05_14_2020-EX-10.2-INTELLECTUAL PROPERTY AGREEMENT.PDF,PREMIERBIOMEDICALINC_05_14_2020-EX-10.2-INTELLECTUAL PROPERTY AGREEMENT.txt,/Users/boudz/Documents/Msc/Dissertation/data/cuad/CUAD_v1/full_contract_txt/Part_II/PREMIERBIOMEDICALINC_05_14_2020-EX-10.2-INTELLECTUAL PROPERTY AGREEMENT.txt,3596,medium,"['This Agreement and the rights of the Parties hereunder shall be governed by and construed in accordance with the laws of the Commonwealth of Pennsylvania including all matters of construction, validity, performance, and enforcement and without giving effect to the principles of conflict of laws.']",[],[],[],[],[],Pennsylvania,,No,No,No,No
ADAMSGOLFINC_03_21_2005-EX-10.17-ENDORSEMENT AGREEMENT.PDF,ADAMSGOLFINC_03_21_2005-EX-10.17-ENDORSEMENT AGREEMENT.txt,/Users/boudz/Documents/Msc/Dissertation/data/cuad/CUAD_v1/full_contract_txt/Part_I/ADAMSGOLFINC_03_21_2005-EX-10.17-ENDORSEMENT AGREEMENT.txt,3770,medium,['This Agreement shall be governed and construed according to the laws of the State of Kansas.'],['The Term of this Agreement shall be for a period of [* ****] years and [*****] months commencing the 1st day of September 2004 and terminating the [*****] day of [*****].'],[],[],[],"[""When endorsing a non-competitive product, under no circumstances shall CONSULTANT wear, play, use, hold or in any way be associated with an ADAMS GOLF competitor's Product.""]",Kansas,[]/[]/[],No,No,No,Yes
FreezeTagInc_20180411_8-K_EX-10.1_11139603_EX-10.1_Sponsorship Agreement.pdf,FreezeTagInc_20180411_8-K_EX-10.1_11139603_EX-10.1_Sponsorship Agreement.txt,/Users/boudz/Documents/Msc/Dissertation/data/cuad/CUAD_v1/full_contract_txt/Part_I/FreezeTagInc_20180411_8-K_EX-10.1_11139603_EX-10.1_Sponsorship Agreement.txt,4102,medium,"['This Agreement is subject to and shall be construed in accordance with the laws of the Commonwealth of Virginia with jurisdiction and venue in federal and Virginia courts in Alexandria and Arlington, Virginia.']","['This Agreement shall commence on March 15, 2018 and will expire on March 14, 2020 unless terminated earlier pursuant to Section 13 of the Agreement (the ""Term"")']",[],[],[],[],Virginia,3/14/20,No,No,No,No
PelicanDeliversInc_20200211_S-1_EX-10.3_11975895_EX-10.3_Development Agreement2.pdf,PelicanDeliversInc_20200211_S-1_EX-10.3_11975895_EX-10.3_Development Agreement2.txt,/Users/boudz/Documents/Msc/Dissertation/data/cuad/CUAD_v1/full_contract_txt/Part_II/PelicanDeliversInc_20200211_S-1_EX-10.3_11975895_EX-10.3_Development Agreement2.txt,4870,medium,['This Agreement will be governed by the laws of the State of Washington without regards for its conflict of laws principle.'],"[""Unless otherwise provided herein, this Agreement will commence on the Effective Date and continue through the completion or termination of Developer's services and work product as mutually agreed upon between the Parties (the Project).""]",['Either Party may terminate this Agreement at any time during the term of this Agreement for any reason upon two weeks written notice to the other Party.'],[],"['Except as otherwise detailed in this Agreement, the Parties acknowledge and agree that the Subject Program including without limitation the Deliverables and Documentation (collectively, the Works) are ""work made for hire"" in accordance with the U.S. Copyright Act, 17 U.S.C. § 101 et seq.', 'To the extent permissible, Developer hereby assigns and transfers to Client all copyright and other intellectual property ownership in the Works.', 'Upon payment in full of all obligations hereunder, Developer unconditionally and irrevocably grants to Client all software, improvements, code and other work produce produced by the Developer during the course of this agreement.']",[],,perpetual,Yes,No,Yes,No
AMBASSADOREYEWEARGROUPINC_11_17_1997-EX-10.28-ENDORSEMENT AGREEMENT.PDF,AMBASSADOREYEWEARGROUPINC_11_17_1997-EX-10.28-ENDORSEMENT AGREEMENT.txt,/Users/boudz/Documents/Msc/Dissertation/data/cuad/CUAD_v1/full_contract_txt/Part_I/AMBASSADOREYEWEARGROUPINC_11_17_1997-EX-10.28-ENDORSEMENT AGREEMENT.txt,5780,medium,['This Agreement shall be governed by and       construed in accordance with the laws of the State of California without       regard to conflict of law principles.'],"['The term of the license hereby granted shall commence August 1, 1995 and continue until January 30, 2000, unless sooner terminated in the manner provided in the immediately succeeding sentence or as otherwise provided in this Agreement.']",[],[],[],[],California,1/30/00,No,No,No,No
GSVINC_05_15_1998-EX-10-SPONSORSHIP AGREEMENT.PDF,GSVINC_05_15_1998-EX-10-SPONSORSHIP AGREEMENT.txt,/Users/boudz/Documents/Msc/Dissertation/data/cuad/CUAD_v1/full_contract_txt/Part_I/GSVINC_05_15_1998-EX-10-SPONSORSHIP AGREEMENT.txt,5880,medium,"['This Agreement will be governed by and construed in             accordance with the laws of the State of New York, notwithstanding             the actual state or country of residence or incorporation of Excite             or Client.']","['In the event that Excite has not delivered XXXXXXXXXXXXXXXX             clickthroughs to the Client Site by the end of twelve (12) months             after the Launch Date, the first year of the term of the Agreement             will be extended without additional sponsorship and advertising fees             for up to an additional four (4) months.', ""The term of this Agreement will begin on the Launch Date and will             not end until Excite displays of a total of XXXXXXXXXXXXX             impressions of Client's advertising banners and promotional             placements on the Excite Site and Excite has made reasonable             commercial efforts to deliver, at minimum, a goal of XXXXXXXX             clickthroughs to the Client Site."", ""Regardless of Excite's actual             delivery of impressions and clickthroughs, the term of this             Agreement will not be shorter than two (2) years after the display             of the first of Client's advertising banners and promotional             placements, subject to the termination rights set forth below.""]",[],"['EXCEPT UNDER SECTIONS 13(a) AND 13(b), IN NO EVENT WILL EITHER PARTY             BE LIABLE TO THE OTHER FOR ANY SPECIAL, INCIDENTAL OR CONSEQUENTIAL             DAMAGES, WHETHER BASED ON BREACH OF CONTRACT, TORT (INCLUDING             NEGLIGENCE) OR OTHERWISE, WHETHER OR NOT THAT PARTY HAS BEEN ADVISED             OF THE POSSIBILITY OF SUCH DAMAGE. THE LIABILITY OF EITHER PARTY FOR             DAMAGES OR ALLEGED DAMAGES HEREUNDER, WHETHER IN CONTRACT, TORT OR             ANY OTHER LEGAL THEORY, IS LIMITED TO, AND WILL NOT EXCEED, THE             AMOUNTS TO BE PAID BY CLIENT TO EXCITE HEREUNDER.']",[],"['Excite will in ""good faith"" ensure Client that the above mentioned             banners and promotional placements will be more prominently             presented than any other ""competitive retailer\'s"" banners or             promotional placements for the term of the Agreement. For the             purposes of this Agreement, a ""competitive retailer"" means an             on-line department store comparable to Bloomingdale\'s, Macy\'s,             Burdine\'s, Shopping.com, Chef\'s Catalog or iQVC.']",New York,perpetual,No,Yes,No,Yes
"NETGEAR,INC_04_21_2003-EX-10.16-DISTRIBUTOR AGREEMENT.pdf","NETGEAR,INC_04_21_2003-EX-10.16-DISTRIBUTOR AGREEMENT.txt","/Users/boudz/Documents/Msc/Dissertation/data/cuad/CUAD_v1/full_contract_txt/Part_II/NETGEAR,INC_04_21_2003-EX-10.16-DISTRIBUTOR AGREEMENT.txt",6029,medium,"['This Agreement, including its attachment and order acknowledgments under the Agreement, constitutes the entire agreement between Distributor and NETGEAR with respect to the purchase, resale and distribution of the Products and is governed by the laws of the State of California except that body of law dealing with conflicts of law.']",['This Agreement will be in effect for one year from the Effective Date and will automatically renew for successive one (1) year periods unless terminated as provided below.'],"['This Agreement may be terminated at any time without cause by either party upon ninety (90) days written notice to the other party.', 'This Agreement may be canceled at any time without cause, by either party upon ninety (90) days written notice to the other party.']","['Under no circumstances\n\nINGRAM NETGEAR Distributor AGREEMENT     9                                083096\n\nis NETGEAR liable for any third-party claims except for those described in this section and in the section entitled CLAIMS OF INFRINGEMENT.', ""EXCEPT FOR DAMAGES ARISING UNDER SECTIONS 14.A AND 16.A, IN NO EVENT WILL NETGEAR's OR BAY NETWORKS' TOTAL LIABILITY FOR ANY DAMAGES IN ANY ACTION BASED ON OR ARISING OUT OF OR IN CONNECTION WITH THE AGREEMENT EXCEED THE [*] TO NETGEAR PURSUANT TO THE AGREEMENT."", 'THE FOREGOING WARRANTIES AND LIMITATIONS ARE EXCLUSIVE REMEDIES AND ARE IN LIEU OF ALL OTHER WARRANTIES EXPRESS OR IMPLIED, INCLUDING WITHOUT ANY LIMITATION WARRANTY OF MERCHANTABILITY OR FITNESS FOR A PARTICULAR PURPOSE.', ""End-users' exclusive remedy is to receive replacement Product from reseller and NETGEAR's sole obligation and liability under this warranty is to issue an off-setting credit to reseller for Product returned by reseller on behalf of its end-user because of defects in workmanship or material."", 'IN NO EVENT WILL EITHER PARTY OR THEIR RESPECTIVE PARENT CORPORATIONS OR SUPPLIERS BE LIABLE FOR (1) THE COST OF SUBSTITUTE PROCUREMENT, SPECIAL, INDIRECT, INCIDENTAL, OR CONSEQUENTIAL DAMAGES, OR (2) ANY DAMAGES RESULTING FROM INACCURATE OR LOST DATA OR LOSS OF USE OR PROFITS ARISING OUT OF OR IN CONNECTION WITH THIS AGREEMENT, THE FURNISHING OF SERVICES, OR THE USE OR PERFORMANCE OF PRODUCTS, EVEN IF INFORMED OF SUCH DAMAGES.', 'Except as expressly agreed in writing between the parties, no party is liable to the other for any dollar amounts, costs or damages by reason of the expiration or earlier termination of the Agreement.', ""EXCEPT FOR DAMAGES ARISING FROM BREACH OF SECTIONS 6.C AND 12,13 OR 17, IN NO EVENT WELL DISTRIBUTOR's TOTAL LIABILITY FOR ANY DAMAGES IN ANY ACTION BASED ON OR ARISING OUT OF OR IN CONNECTION WITH THE AGREEMENT EXCEED THE [*] TO NETGEAR PURSUANT TO THE AGREEMENT."", 'NETGEAR has no liability for any settlement or compromise made without its prior written consent. Under no circumstances', ""If any item of Software fails to so perform during its warranty period, as the sole remedy NETGEAR of NETGEAR's supplier will at its discretion provide a suitable fix, patch or workaround for the problem which may be included in a future revision of the Software.""]",[],[],California,3/1/97,Yes,Yes,No,No
"Columbia Laboratories, (Bermuda) Ltd. - AMEND NO. 2 TO MANUFACTURING AND SUPPLY AGREEMENT.PDF","Columbia Laboratories, (Bermuda) Ltd. - AMEND NO. 2 TO MANUFACTURING AND SUPPLY AGREEMENT.txt","/Users/boudz/Documents/Msc/Dissertation/data/cuad/CUAD_v1/full_contract_txt/Part_I/Columbia Laboratories, (Bermuda) Ltd. - AMEND NO. 2 TO MANUFACTURING AND SUPPLY AGREEMENT.txt",7145,medium,['This Amendment and and any dispute or claim (including non-contractual disputes or claims) arising out of or in connection with it or its subject matter or formation shall be governed by and construed in accordance with the laws of England.'],"['Unless terminated earlier pursuant to Section 12.2 below, the initial term of this Agreement shall expire on 31 December 2024 (the ""Initial Term"") unless the Parties mutually agree in writing any extension to the Initial Term.']",[],[],[],[],England,12/31/24,No,No,No,No
LegacyEducationAllianceInc_20200330_10-K_EX-10.18_12090678_EX-10.18_Development Agreement.pdf,LegacyEducationAllianceInc_20200330_10-K_EX-10.18_12090678_EX-10.18_Development Agreement.txt,/Users/boudz/Documents/Msc/Dissertation/data/cuad/CUAD_v1/full_contract_txt/Part_I/LegacyEducationAllianceInc_20200330_10-K_EX-10.18_12090678_EX-10.18_Development Agreement.txt,7337,medium,"['This Agreement will be governed by and construed in accordance with the laws of the State of New York without regard to its provisions concerning the applicability of the laws of other jurisdictions, and specifically excluding the United Nations Convention on the International Sale of Goods.']","['The Term shall commence upon the Effective Date and shall continue for an initial term of five (5) years.', 'The term ""Term"" shall mean an initial term of five years, automatically renewable thereafter for successive 5-year terms unless either party provides prior written notice of termination not less than 90 days prior to the end of such five-year term; provided, however, T&B shall have the right to terminate the license after the first year of the Term if LEA does not conduct the Business so as to meet the Cash Sales benchmarks set by the parties for years two through five of the Term, as set forth in Section 3.3, below.']",[],"[""EXCEPT FOR AMOUNTS PAYABLE TO THIRD PARTIES IN CONNECTION WITH CLAIMS SUBJECT TO THE INDEMNIFICATION PROVISIONS OF SECTION 9.1 OR A BREACH OF EITHER PARTY'S OBLIGATIONS UNDER SECTION 5 (CONFIDENTIALITY), NEITHER PARTY WILL, UNDER ANY CIRCUMSTANCES, BE LIABLE TO THE OTHER PARTY FOR ANY LOST PROFITS OR ANY OTHER SPECIAL, INDIRECT OR CONSEQUENTIAL DAMAGES ARISING OUT OF OR RELATING TO THIS AGREEMENT EVEN IF THE PARTY HAS BEEN NOTIFIED OF THE POSSIBILITY OF SUCH DAMAGES.""]","['In the event LEA shall be deemed to have acquired any ownership rights in the Licensed Intellectual Property, the LEA shall assign, and agrees to execute all documents reasonably requested by T&B to assign, all such rights in the Licensed Intellectual Property to T&B or its nominee.']","['Further, during the Term, except as otherwise provided herein, neither T&B nor any of its Affiliates may (1) offer to sell or sell any product or service that is the same or similar to the Products in the Exclusive Field of Use,<omitted>provided, however, that T&B, in its sole and absolute discretion, shall have the right to terminate this Agreement, including all rights and licenses granted to LEA herein, if and as of the date that any monthly Royalty Payment (as defined in 9.3, below) payable to T&B does not exceed the Minimum Guaranteed Royalty for six (6) consecutive months.']",New York,12/23/24,No,Yes,Yes,Yes
NANOPHASETECHNOLOGIESCORP_11_01_2005-EX-99.1-DISTRIBUTOR AGREEMENT.PDF,NANOPHASETECHNOLOGIESCORP_11_01_2005-EX-99.1-DISTRIBUTOR AGREEMENT.txt,/Users/boudz/Documents/Msc/Dissertation/data/cuad/CUAD_v1/full_contract_txt/Part_II/NANOPHASETECHNOLOGIESCORP_11_01_2005-EX-99.1-DISTRIBUTOR AGREEMENT.txt,7663,medium,"['This agreement shall be governed by and subject to the internal laws (exclusive of the conflicts of law provisions) and decisions of the courts of the State of Illinois', 'This Agreement shall be governed by and interpreted under and in accordance with the laws of the State of Delaware without regard to principles of conflicts of laws.']",['The initial term of this Agreement shall be for a period of five (5) years from the date first set forth above and shall thereafter automatically renew for additional two (2) year terms unless a party provides the other party with notice of non-renewal no less than 6 months prior to the expiration of the initial term or any renewal term unless earlier terminated as follows'],['The initial term of this Agreement shall be for a period of five (5) years from the date first set forth above and shall thereafter automatically renew for additional two (2) year terms unless a party provides the other party with notice of non-renewal no less than 6 months prior to the expiration of the initial term or any renewal term unless earlier terminated as follows:<omitted>13.1.3 By either party for any reason by providing six (6) months prior written notice expressly terminating this Agreement.'],"[""Seller shall not be liable for indirect, special, incidental or consequential damages arising under this Agreement or otherwise with respect to the sale of the products, including any lost revenues or profits, consequential and/or incidental damages, business interruption or damage to business reputation, regardless of the theory upon which any claim may be based, including any statutory causes of action or claims. In no event will Seller's entire liability to Buyer, including any liability in the event the exclusive remedy set forth in this Agreement fails of its essential purpose, exceed the purchase price actually paid by Buyer for the products hereunder, or any defective portion thereof, whichever is the lesser amount."", ""THE CORRECTION OF SUCH DEFECT BY REPAIR OR CREDITING ALFA AESAR'S ACCOUNT FOR THE COST OF THE PRODUCT IN THE MANNER SET FORTH ABOVE SHALL CONSTITUTE THE SOLE AND EXCLUSIVE REMEDY OF DISTRIBUTOR WITH RESPECT TO ANY WARRANTY GIVEN HEREIN RELATING TO ANY PRODUCT SOLD OR DELIVERED HEREUNDER."", ""SELLER EXPRESSLY DISCLAIMS ANY AND ALL LIABILITY TO BUYER FOR ANY CONSEQUENTIAL DAMAGES, DAMAGES FOR LOSS OF USE, LOSS OF PROFITS, INCOME, OR REVENUE, LOSS OF TIME OR INCONVENIENCE, LOSS OR DAMAGE TO ASSOCIATED EQUIPMENT, COST OF SUBSTITUTED OR REPLACEMENT EQUIPMENT, LOSS TO FACILITIES, LOSS OF CAPITAL, LOSS OF SERVICES OR ANY OTHER INCIDENTAL, CONSEQUENTIAL OR SPECIAL DAMAGE ARISING OUT OF THIS ORDER OR THE OPERATION, FUNCTION OR CHARACTERISTICS OF THE PRODUCTS PURCHASED HEREUNDER OR OTHERWISE PROVIDED BY SELLER. IN THE EVENT THAT PRODUCTS DO NOT SATISFY SPECIFICATIONS, THEY WILL BE REPLACED, AT SELLER'S OPTION, WITH PRODUCTS THAT DO SATISFY THE SPECIFICATIONS AT SELLER'S SOLE EXPENSE. SAID REPLACEMENT IS THE SOLE AND EXCLUSIVE REMEDY OF BUYER."", 'To the fullest extent permitted by law, the parties waive and relinquish any claims, demands, causes of action or recoveries for punitive damages, exemplary damages, or statutory damages.']",[],[],"Delaware, Illinois",10/24/10,Yes,Yes,No,No
PenntexMidstreamPartnersLp_20150416_S-1A_EX-10.4_9042833_EX-10.4_Transportation Agreement.pdf,PenntexMidstreamPartnersLp_20150416_S-1A_EX-10.4_9042833_EX-10.4_Transportation Agreement.txt,/Users/boudz/Documents/Msc/Dissertation/data/cuad/CUAD_v1/full_contract_txt/Part_II/PenntexMidstreamPartnersLp_20150416_S-1A_EX-10.4_9042833_EX-10.4_Transportation Agreement.txt,7965,medium,"['This Agreement is entered into in the State of Texas and shall be governed, interpreted and construed in accordance with the laws of the State of Texas without regard to the conflicts of laws provisions thereof.']","['This Agreement shall commence on the Effective Date and continue in full force and effect until the end of the fifteenth (15th) Contract Year, and shall continue in full force and effect thereafter until terminated by either Party by providing thirty (30) calendar days\' prior written notice of termination to the other Party (such fifteen (15) Contract Year period, as may be further extended as provided herein is referred to as the ""Term"").']",[],"[""NO PARTY SHALL BE LIABLE FOR CONSEQUENTIAL, INCIDENTAL, PUNITIVE, EXEMPLARY OR INDIRECT DAMAGES, LOST PROFITS OR OTHER BUSINESS INTERRUPTION DAMAGES, BY STATUTE, IN TORT OR CONTRACT, OR OTHERWISE; PROVIDED, HOWEVER, THAT THIS LIMITATION SHALL NOT LIMIT A PARTY'S RIGHT TO RECOVERY HEREUNDER FOR ANY SUCH DAMAGES TO THE EXTENT SUCH PARTY IS REQUIRED TO PAY SUCH DAMAGES TO A THIRD PARTY IN CONNECTION WITH A MATTER FOR WHICH SUCH PARTY IS OTHERWISE ENTITLED TO INDEMNIFICATION HEREUNDER.""]",[],[],Texas,12/31/30,No,Yes,No,No
CORIOINC_07_20_2000-EX-10.5-LICENSE AND HOSTING AGREEMENT.PDF,CORIOINC_07_20_2000-EX-10.5-LICENSE AND HOSTING AGREEMENT.txt,/Users/boudz/Documents/Msc/Dissertation/data/cuad/CUAD_v1/full_contract_txt/Part_I/CORIOINC_07_20_2000-EX-10.5-LICENSE AND HOSTING AGREEMENT.txt,8396,long,"['This Agreement shall be governed by         the laws of the State of California, USA, excluding conflict of laws         provisions and excluding the 1980 United Nations Convention on Contracts         for the International Sale of Goods.']",['The term of this Agreement shall commence on the Effective Date         and shall continue in full force and effect for an initial period of         five (5) years.'],[],"[""EXCEPT FOR LIABILITY ARISING UNDER SECTION 8 OF THIS AGREEMENT, IN NO         EVENT SHALL EITHER PARTY'S LIABILITY ARISING OUT OF THIS AGREEMENT OR         THE USE OR PERFORMANCE OF THE SOFTWARE EXCEED THE TOTAL AMOUNT ACTUALLY         PAID BY CORIO HEREUNDER FOR THE TRANSACTION WHICH THE LIABILITY RELATES         TO DURING THE TWELVE (12) MONTHS IMMEDIATELY PRIOR TO THE FILING OF THE         CAUSE OF ACTION TO WHICH THE LIABILITY RELATES. EXCEPT FOR LIABILITY         ARISING UNDER SECTION 8 OF THIS AGREEMENT, IN NO EVENT SHALL EITHER         PARTY HAVE ANY LIABILITY TO THE OTHER PARTY FOR ANY LOST PROFITS OR         COSTS OF PROCUREMENT OF SUBSTITUTE GOODS OR SERVICES, OR FOR ANY         INDIRECT, SPECIAL OR CONSEQUENTIAL DAMAGES HOWEVER CAUSED AND UNDER ANY         THEORY OF LIABILITY AND WHETHER OR NOT SUCH PARTY HAS BEEN ADVISED OF         THE POSSIBILITY OF SUCH DAMAGE."", 'EXCEPT FOR LIABILITY         ARISING UNDER SECTION 8 OF THIS AGREEMENT, IN NO EVENT SHALL EITHER         PARTY HAVE ANY LIABILITY TO THE OTHER PARTY FOR ANY LOST PROFITS OR         COSTS OF PROCUREMENT OF SUBSTITUTE GOODS OR SERVICES, OR FOR ANY         INDIRECT, SPECIAL OR CONSEQUENTIAL DAMAGES HOWEVER CAUSED AND UNDER ANY         THEORY OF LIABILITY AND WHETHER OR NOT SUCH PARTY HAS BEEN ADVISED OF         THE POSSIBILITY OF SUCH DAMAGE.', ""The foregoing are         Corio's sole and exclusive remedies for breach of product warranty.""]","['To the extent that         Commerce One would otherwise have a claim of ownership in such         Developments, Commerce One hereby assigns all rights in and to such         Developments to Corio.', 'Subject to Commerce One\'s pre-existing ownership of any         materials or technology provided to Corio, the results of all such         development efforts set forth in this Section 13, including all         intellectual property rights in any software interface coding or         programs created solely by Corio during the term of this Agreement to         enable the Software to operated within the Corio Servers\' hosted         environment (""DEVELOPMENTS""), shall be owned by Corio, unless such         Developments are supported on an ongoing basis by Commerce One in which         case Commerce One will retain all ownership rights, including\n\n\n\n\n\n     intellectual property rights in the Developments.']",[],California,10/29/04,No,Yes,Yes,No
ENERGYXXILTD_05_08_2015-EX-10.13-Transportation AGREEMENT.PDF,ENERGYXXILTD_05_08_2015-EX-10.13-Transportation AGREEMENT.txt,/Users/boudz/Documents/Msc/Dissertation/data/cuad/CUAD_v1/full_contract_txt/Part_I/ENERGYXXILTD_05_08_2015-EX-10.13-Transportation AGREEMENT.txt,9243,long,"['The validity, construction and performance of this Agreement shall be governed by the laws of the State of Texas, not including any of its conflicts of law rules that would direct or refer to the laws of another jurisdiction.']","[""Subject to the other provisions of this Agreement, the term of this Agreement shall commence on the Effective Date and shall remain in effect until terminated by either Party upon thirty (30) days' prior written notice.""]","[""Subject to the other provisions of this Agreement, the term of this Agreement shall commence on the Effective Date and shall remain in effect until terminated by either Party upon thirty (30) days' prior written notice.""]","['EXCEPT WITH REGARD TO OBLIGATIONS TO INDEMNIFY A PARTY FOR CLAIMS MADE BY THIRD PARTIES, NEITHER PARTY SHALL BE LIABLE TO THE OTHER PARTY (OR ITS AFFILIATES) PURSUANT TO THIS AGREEMENT FOR ANY CONSEQUENTIAL, INCIDENTAL, INDIRECT, OR SPECIAL DAMAGES OR LOSSES OR ANY PUNITIVE, EXEMPLARY, TREBLE, OR SIMILAR DAMAGES ARISING OUT OF OR RELATING TO THIS AGREEMENT OR THE PERFORMANCE OF, OR FAILURE TO PERFORM, ITS OBLIGATIONS HEREUNDER, EVEN IF SUCH DAMAGES OR LOSSES ARE CAUSED BY THE SOLE, JOINT, OR CONCURRENT NEGLIGENCE, STRICT LIABILITY, OR OTHER FAULT OF THE PARTY WHOSE LIABILITY IS BEING WAIVED HEREBY.']",[],[],Texas,perpetual,Yes,Yes,No,No
CerenceInc_20191002_8-K_EX-10.4_11827494_EX-10.4_Intellectual Property Agreement.pdf,CerenceInc_20191002_8-K_EX-10.4_11827494_EX-10.4_Intellectual Property Agreement.txt,/Users/boudz/Documents/Msc/Dissertation/data/cuad/CUAD_v1/full_contract_txt/Part_I/CerenceInc_20191002_8-K_EX-10.4_11827494_EX-10.4_Intellectual Property Agreement.txt,9608,long,"['Any disputes relating to, arising out of or resulting from this Agreement, including to its execution, performance, or enforcement, shall be governed by, and construed in accordance with, the Laws of the State of Delaware, regardless of the Laws that might otherwise govern under applicable principles of conflicts of Laws thereof.']",[],"['This Agreement may be terminated by Nuance at any time, in its sole discretion, prior to the Distribution; provided, however, that this Agreement shall automatically terminate upon the termination of the Separation Agreement in accordance with its terms.']","[""Without limiting the terms set forth in Section 6.09 of the Separation Agreement, none of Nuance, SpinCo or any other member of either Group shall in any event have any Liability to the other or to any other member of the other's Group under this Agreement for any indirect, special, punitive or consequential damages, whether or not caused by or resulting from negligence or breach of obligations hereunder and whether or not informed of the possibility of the existence of such damages.""]","['In order to carry out the intent of the Parties with respect to the recordation of the transfers of any registrations or applications of Nuance IP or SpinCo IP, as applicable, to the extent the ownership thereof has transferred from a member of the Nuance Group to a member of the SpinCo Group, or vice versa, pursuant to the Separation Agreement or any other Ancillary Agreement, the Parties shall execute intellectual property assignments in a form substantially similar to that attached as Exhibit A1 (the ""Patent Assignment Agreement""), Exhibit A2 (the ""Trademark Assignment Agreement""), Exhibit A3 (the ""Domain Name Assignment Agreement"") and Exhibit A4 (the ""Invention Disclosure Assignment Agreement"") as well as such additional case specific assignments as deemed appropriate or necessary under applicable Laws (collectively, the ""Intellectual Property Assignment Agreements"") for recordation with the appropriate Governmental Authority.']",[],Delaware,,Yes,Yes,Yes,No
PareteumCorp_20081001_8-K_EX-99.1_2654808_EX-99.1_Hosting Agreement.pdf,PareteumCorp_20081001_8-K_EX-99.1_2654808_EX-99.1_Hosting Agreement.txt,/Users/boudz/Documents/Msc/Dissertation/data/cuad/CUAD_v1/full_contract_txt/Part_II/PareteumCorp_20081001_8-K_EX-99.1_2654808_EX-99.1_Hosting Agreement.txt,10213,long,['This Agreement shall be governed by and construed in all respects exclusively in accordance with the laws of the Netherlands.'],"['This Agreement shall come into force on the Date of the Agreement, and shall, subject to article 18, remain in full force and effect for an initial period of *** from the Commercial Launch Date.']",['The Agreement may be terminated by both Parties with a notification period of *** before the end of the Initial Term of the Agreement.'],"['Without prejudice to the provisions expressly stated elsewhere in this Agreement, a Party\'s liability for damage suffered by the other Party, attributable to the first mentioned Party or a person for whom it is liable by law, shall be limited to the following events, and the following amounts:     a)   for direct damage to physical goods (property damage or ""zaakschade"") or directly resulting from death or personal injury: up to a maximum of *** per event or series of connected events and up to a further maximum of *** for all events (connected or not) in any period of 12 calendar months;           b)   for damage directly resulting from a material breach of this Agreement: up to a maximum *** or *** as set out in Appendix 2), whatever amount is the highest, in any period of 12 calendar months.', 'In no event shall either Party be liable for indirect or consequential loss or damage, including but not limited to, loss of profit, loss of sales or turnover, loss of or damage to reputation, loss of contract, loss of business, loss of anticipated savings and interest, increased operation costs, increase maintenance costs even if such loss or damage was reasonably foreseeable or if a Party had been advised by the other Party of the possibility of incurring such loss or damage.', 'Any claim for damages must be notified to the other Party within six (6) months as from the date on which the damage was caused, failing which such claim is deemed to be waived.']",[],[],Netherlands,,Yes,Yes,No,No
EtonPharmaceuticalsInc_20191114_10-Q_EX-10.1_11893941_EX-10.1_Development Agreement.pdf,EtonPharmaceuticalsInc_20191114_10-Q_EX-10.1_11893941_EX-10.1_Development Agreement.txt,/Users/boudz/Documents/Msc/Dissertation/data/cuad/CUAD_v1/full_contract_txt/Part_I/EtonPharmaceuticalsInc_20191114_10-Q_EX-10.1_11893941_EX-10.1_Development Agreement.txt,10256,long,"['This Agreement shall be governed, interpreted and construed in accordance with the substantive laws of the Delaware, in the country of the United State of America, without regard to its conflict of laws principles.']","['The term of this Agreement shall automatically become effective upon the occurrence of (i) ETON executing a commercial supply agreement with a contract manufacturing organization within forty-five (45) days of the Execution Date, provided that ETON has exercised best efforts to execute such agreement and the failure to execute is solely caused by the refusal or inability of the proposed manufacturing organization to sign a reasonable agreement; and (ii) acceptance for review of the Dossier or marketing application for [ * * * ] by the FDA no later than September 2, 2019 (such date, the ""Effective Date"") and shall end upon the termination or expiration of the Agreement as set forth in Section 11 (the ""Term"").']","[""ETON has the right to terminate this Agreement after approval of the Dossier or marketing application for the Product (or added new product), at its sole discretion, upon providing one hundred eighty (180) days' written notice to Aucta.""]","['NOTWITHSTANDING ANYTHING TO THE CONTRARY HEREIN, NEITHER PARTY SHALL BE LIABLE FOR ANY INDIRECT, SPECIAL, INCIDENTAL, CONSEQUENTIAL OR EXEMPLARY DAMAGES, WHETHER FORESEEABLE OR NOT, THAT ARE IN ANY WAY RELATED TO THIS AGREEMENT.']",[],"['During the Term of this Agreement, and for a period of two (2) years thereafter, Aucta shall not research, develop, manufacture, file, sell, market, or distribute more than two products containing the active ingredient Lamotrigine; nor will Aucta directly or indirectly assist any other Person or entity in carrying or any such activities. [ * * * ]']",Delaware,Perpetual,Yes,Yes,No,Yes
VERTICALNETINC_04_01_2002-EX-10.19-MAINTENANCE AND SUPPORT AGREEMENT.PDF,VERTICALNETINC_04_01_2002-EX-10.19-MAINTENANCE AND SUPPORT AGREEMENT.txt,/Users/boudz/Documents/Msc/Dissertation/data/cuad/CUAD_v1/full_contract_txt/Part_II/VERTICALNETINC_04_01_2002-EX-10.19-MAINTENANCE AND SUPPORT AGREEMENT.txt,10705,long,"['This Agreement and performance under this Agreement shall be governed by the laws of the United States of America and of the Commonwealth of Pennsylvania as applied to agreements entered into and to be performed entirely within Pennsylvania between Pennsylvania residents, excluding its conflicts of law provisions.']","['The initial period of this Agreement (the ""Initial Term"") shall commence upon the Effective Date and continue until March 31, 2003.']",[],"['IF A CLAIM OR CAUSE OF ACTION IS ATTRIBUTABLE TO ANY MAINTENANCE UPDATE, ENHANCEMENT OR SERVICES PROVIDED OR TO BE PROVIDED UNDER THIS AGREEMENT, THE REMEDIES SET FORTH IN THIS AGREEMENT, TO THE EXCLUSION OF THE REMEDIES SET FORTH IN THE SUBSCRIPTION LICENSE AGREEMENT, SHALL CONSTITUTE THE SOLE AND EXCLUSIVE REMEDIES AVAILABLE TO A PARTY FOR SUCH CLAIM OR CAUSE OF ACTION.', 'TO THE MAXIMUM EXTENT PERMITTED BY LAW, IN NO EVENT SHALL EITHER PARTY BE LIABLE OR OBLIGATED IN ANY MANNER FOR ANY SPECIAL, INCIDENTAL, EXEMPLARY OR CONSEQUENTIAL DAMAGES OF ANY KIND ARISING OUT OF OR RELATING TO THIS AGREEMENT (INCLUDING, BUT NOT LIMITED TO, LOST PROFITS, REVENUES OR BUSINESS OPPORTUNITIES) HOWEVER CAUSED AND REGARDLESS OF THE FORM OF ACTION, WHETHER IN CONTRACT, TORT, NEGLIGENCE, STRICT PRODUCT LIABILITY, OR OTHERWISE, EVEN IF THE PARTY HAS BEEN INFORMED OF THE POSSIBILITY OF ANY SUCH DAMAGES IN ADVANCE.', 'IF A CLAIM OR CAUSE OF ACTION IS ATTRIBUTABLE TO A PRODUCT OR ANY SERVICES PROVIDED UNDER THE SUBSCRIPTION LICENSE AGREEMENT, THE REMEDIES SET FORTH IN THE SUBSCRIPTION LICENSE AGREEMENT, TO THE EXCLUSION OF THE REMEDIES SET FORTH IN THIS AGREEMENT, SHALL CONSTITUTE THE SOLE AND EXCLUSIVE REMEDIES AVAILABLE TO A PARTY FOR SUCH CLAIM OR CAUSE OF ACTION.', 'Unless otherwise provided by local law without the possibility of contractual waiver or limitation, any legal or other action related to this Agreement must be commenced no later than two years from the date on which the cause of action arose.', ""In the event of any breach of the foregoing warranty, and provided that Converge reports such breach to VNE in writing within 90 days following the date of performance of the Services in question, VNE shall, as its sole obligation and Converge's sole and exclusive remedy, promptly repair, replace or re-perform the Services in question, without additional cost to Converge, so as to correct the warranty non-compliance as promptly as practicable (within 30 days to the extent technically feasible)."", 'TO THE MAXIMUM EXTENT PERMITTED BY LAW, THE MAXIMUM LIABILITY OF EACH PARTY TO THE OTHER OR TO ANY THIRD PARTY FOR DAMAGES, IF ANY, RELATING TO THIS AGREEMENT OR ANY MAINTENANCE UPDATE, ENHANCEMENT OR SERVICES PROVIDED OR TO BE PROVIDED HEREUNDER, WHETHER FOR BREACH OF CONTRACT OR WARRANTY, STRICT LIABILITY, NEGLIGENCE OR OTHER TORT, STRICT PRODUCT LIABILITY, THE FAILURE OF ANY LIMITED REMEDY TO ACHIEVE ITS ESSENTIAL PURPOSE, OR OTHERWISE, SHALL NOT EXCEED (I) WITH RESPECT TO ANY ENHANCEMENT PROVIDED HEREUNDER, THE AMOUNTS PAID BY CONVERGE TO VERT FOR SUCH ENHANCEMENT, AND (II) WITH RESPECT TO ANY MAINTENANCE AND SUPPORT SERVICES, THE AMOUNTS PAID BY<omitted>CONVERGE TO VERT FOR SUCH MAINTENANCE AND SUPPORT SERVICES DURING THE THREE MONTH PERIOD IMMEDIATELY PRECEDING THE DATE ON WHICH THE CLAIM OR CAUSE OF ACTION FOR ANY SUCH DAMAGES FIRST AROSE.']",[],[],Pennsylvania,3/31/03,No,Yes,No,No
ScansourceInc_20190822_10-K_EX-10.38_11793958_EX-10.38_Distributor Agreement1.pdf,ScansourceInc_20190822_10-K_EX-10.38_11793958_EX-10.38_Distributor Agreement1.txt,/Users/boudz/Documents/Msc/Dissertation/data/cuad/CUAD_v1/full_contract_txt/Part_II/ScansourceInc_20190822_10-K_EX-10.38_11793958_EX-10.38_Distributor Agreement1.txt,12904,long,"['The validity, interpretation, and performance of this Agreement shall be controlled by and construed under the laws of the State of New York, United States of America, as if performed wholly within the state and without giving effect to the principles of conflicts of law, and the state and federal courts of California shall have jurisdiction over any claim arising under this Agreement.']","['This Agreement shall commence on the Effective Date and continue thereafter for a period of two (2) years, unless extended by written agreement of both parties or sooner terminated as set forth below.']","['Either party may terminate this Agreement, without cause, by giving the other party [*****] days prior written notice.']","['DISTRIBUTOR\'S SOLE AND EXCLUSIVE REMEDIES IN THE EVENT OF ANY SUCH INFRINGEMENT, MISAPPROPRIATION OR ANY CLAIM THEREOF SHALL BE AS SET FORTH IN SECTION 15 OF THIS AGREEMENT (""PATENT AND COPYRIGHT INFRINGEMENT"").', 'DISTRIBUTOR AGREES THAT, IN THE EVENT OF ANY TERMINATION OF THIS AGREEMENT, IT SHALL HAVE NO RIGHTS TO DAMAGES OR INDEMNIFICATION OF ANY NATURE, SPECIFICALLY INCLUDING COMMERCIAL SEVERANCE PAY, WHETHER BY WAY OF LOSS OF FUTURE PROFITS, EXPENDITURES FOR PROMOTION OF ANY PRODUCT, OR OTHER COMMITMENTS IN CONNECTION WITH THE BUSINESS AND GOOD WILL OF DISTRIBUTOR.', ""NOTWITHSTANDING ANYTHING ELSE IN THIS AGREEMENT TO THE CONTRARY, AND EXCEPT FOR LIABILITY ARISING OUT OF DISTRIBUTOR'S BREACH OF SECTION 9 (PROPRIETARY RIGHTS AND SOFTWARE LICENSING) OR EXHIBIT C (SOFTWARE LICENSE AGREEMENT), OR AMOUNTS DUE FOR PRODUCTS AND SERVICES PURCHASED WITH RESPECT TO THE PAYMENT OF WHICH NO BONA FIDE DISPUTE EXISTS, ALL LIABILITY OF EACH PARTY, INCLUDING EACH PARTY'S AFFILIATES, OFFICERS, DIRECTORS, EMPLOYEES, AGENTS AND SUPPLIERS COLLECTIVELY, FOR CLAIMS ARISING UNDER THIS AGREEMENT OR OTHERWISE HOWSOEVER ARISING SHALL BE LIMITED SEPARATELY FOR PRODUCTS AND SERVICES PURCHASES TO THE GREATER OF I) [*****] OR (ll)THE MONEY PAID TO CISCO FOR PRODUCTS OR FOR SERVICES, SEPARATELY AND AS APPLICABLE, UNDER THIS AGREEMENT DURING THE [*****] PERIOD PRECEDING THE EVENT OR CIRCUMSTANCES FIRST GIVING RISE TO SUCH LIABILITY."", 'This Section states the entire obligation of Cisco and its suppliers, and the exclusive remedy of Distributor, in respect of any infringement or alleged infringement of any intellectual property rights or proprietary rights.', ""Notwithstanding any other provision hereof, Cisco's sole and exclusive warranty and obligation with respect to the Products sold hereunder are set forth in Cisco's Limited Warranty Statement delivered with the Product."", ""EXCEPT FOR LIABILITY ARISING OUT OF OR IN CONNECTION WITH DISTRIBUTOR'S BREACH OF SECTION 9 (PROPRIETARY RIGHTS AND SOFTWARE LICENSING) OR EXHIBIT C (SOFTWARE LICENSE AGREEMENT), IN NO EVENT SHALL EITHER PARTY, ITS RESPECTIVE AFFILIATES, OFFICERS, DIRECTORS, EMPLOYEES, AGENTS OR SUPPLIERS BE LIABLE FOR ANY SPECIAL, INCIDENTAL,<omitted>INDIRECT OR CONSEQUENTIAL DAMAGES, OR LOST REVENUE, LOST PROFITS, OR LOST OR DAMAGED DATA, WHETHER ARISING IN CONTRACT, TORT (INCLUDING NEGLIGENCE), OR OTHERWISE, EVEN IF SUCH PARTY HAS BEEN INFORMED OF THE POSSIBILITY THEREOF.""]",[],[],New York,1/22/09,Yes,Yes,No,No
TELEGLOBEINTERNATIONALHOLDINGSLTD_03_29_2004-EX-10.10-CONSTRUCTION AND MAINTENANCE AGREEMENT.PDF,TELEGLOBEINTERNATIONALHOLDINGSLTD_03_29_2004-EX-10.10-CONSTRUCTION AND MAINTENANCE AGREEMENT.txt,/Users/boudz/Documents/Msc/Dissertation/data/cuad/CUAD_v1/full_contract_txt/Part_II/TELEGLOBEINTERNATIONALHOLDINGSLTD_03_29_2004-EX-10.10-CONSTRUCTION AND MAINTENANCE AGREEMENT.txt,15095,long,[],"['This Agreement shall become effective on the date and year first above written and shall continue in operation for at least an initial period of twenty-five (25) years following the RFS Date (hereinafter referred to as ""initial Period"") and shall be terminable thereafter by agreement of the Parties.']","[""However, any Party may terminate its participation in this Agreement at the end of the Initial Period or any time thereafter by giving not less than one (1) year's prior notice thereof, in writing, to the other Parties.""]","['Under no circumstances shall any Party be liable to any other Party in contract, tort, (including negligence or breach of statutory duty) or otherwise for loss (whether direct or indirect) of profits, property, traffic, business or anticipated savings, or for any indirect or consequential loss or damage in connection with the operation of this Agreement howsoever caused.']",[],[],,4/18/25,Yes,Yes,No,No
ReynoldsConsumerProductsInc_20200121_S-1A_EX-10.22_11948918_EX-10.22_Service Agreement.pdf,ReynoldsConsumerProductsInc_20200121_S-1A_EX-10.22_11948918_EX-10.22_Service Agreement.txt,/Users/boudz/Documents/Msc/Dissertation/data/cuad/CUAD_v1/full_contract_txt/Part_II/ReynoldsConsumerProductsInc_20200121_S-1A_EX-10.22_11948918_EX-10.22_Service Agreement.txt,17207,long,"['This Agreement shall be governed in all respects, including as to validity, interpretation and effect, by the Laws of the State of Illinois, without giving effect to its principles or rules of conflict of laws, to the extent such principles or rules are not mandatorily applicable by statute and would permit or require the application of the Laws of another jurisdiction.']","['With respect to each of the Services, the term thereof will be for a period commencing as of the date hereof, unless a different date is specified as the commencement date for any applicable Service on Exhibit A or Exhibit B (either, a ""Commencement Date""), and shall continue until 12 months following the Commencement Date unless (i) such other date as is specified as the termination date for any applicable Service in this Agreement or on Exhibit A or Exhibit B, as applicable (the ""Term"") or (ii) earlier terminated pursuant to this Agreement (a ""Termination Date"").']","[""Except as agreed by the Parties in writing or as otherwise stated in the Exhibits, Company may terminate for convenience any Transition Service, and RGHI may terminate for convenience any Reverse Transition Service, upon 30 days' prior written notice of such termination; provided, (a) that, with respect to the Services described in Section G1 of Exhibit A, unless otherwise indicated therein, those Services may not be terminated independently except in accordance with an agreed Migration Plan and, (b) any unamortized costs associated with Provider's purchase of any license or other costs incurred specifically for the purpose of providing the Services hereunder will be passed through to the Terminating Party.""]","[""IN NO EVENT SHALL A PARTY'S LIABILITY IN RELATION TO SERVICES PROVIDED UNDER THIS AGREEMENT EXCEED THE FEES PAID TO IT UNDER THIS AGREEMENT FOR THE SPECIFIC SERVICE THAT RESULTED IN THE LOSS."", 'IN NO EVENT SHALL ANY PARTY BE LIABLE TO THE OTHER PARTY FOR ANY INDIRECT, SPECIAL, EXEMPLARY, PUNITIVE OR CONSEQUENTIAL DAMAGES, OR LOST PROFITS OR LOST REVENUES THAT THE OTHER PARTY MAY INCUR BY REASON OF ITS HAVING ENTERED INTO OR RELIED UPON THIS AGREEMENT, OR IN CONNECTION WITH ANY OF THE SERVICES PROVIDED HEREUNDER OR THE FAILURE THEREOF, REGARDLESS OF THE FORM OF ACTION IN WHICH SUCH DAMAGES ARE ASSERTED, WHETHER IN CONTRACT OR TORT (INCLUDING NEGLIGENCE) OR OTHERWISE, EVEN IF ADVISED OF THE POSSIBILITY OF THE SAME OTHER THAN TO THE EXTENT AWARDED IN A THIRD PARTY CLAIM.', 'EXCEPT WITH RESPECT TO A MATERIAL BREACH CONSTITUTING WILLFUL MISCONDUCT BY A PROVIDER, REPEAT PERFORMANCE OF A SERVICE BY THE PROVIDER OR REFUND OF THE FEES PAID FOR A SERVICE SHALL BE THE SOLE AND EXCLUSIVE REMEDY FOR BREACH OF THE SERVICES STANDARD FOR SUCH SERVICE.']",[],[],Illinois,[]/[]/2021,Yes,Yes,No,No
NICELTD_06_26_2003-EX-4.5-OUTSOURCING AGREEMENT.PDF,NICELTD_06_26_2003-EX-4.5-OUTSOURCING AGREEMENT.txt,/Users/boudz/Documents/Msc/Dissertation/data/cuad/CUAD_v1/full_contract_txt/Part_II/NICELTD_06_26_2003-EX-4.5-OUTSOURCING AGREEMENT.txt,18608,long,"['This Agreement shall be governed by and           construed in accordance with the laws of the state of Israel, without           giving effect to choice of law rules.']","['The initial term of this Agreement shall           commence on the Effective Date and extend for three (3) years           thereafter (""INITIAL TERM""), with an automatic renewal for an           indefinite period of time (""EXTENDED TERM""), unless terminated by the           parties according to Sections 16.2. or 16.3. herein.']","['Notwithstanding the aforesaid in Section 16.1. and any possible           implication to the contrary herein or as a result of the course of           conduct of the parties, Contractor shall be entitled, at its sole           discretion, to terminate this Agreement only during the Extended Term,           with or without cause, upon a prior written notice of termination to           NICE of not less than six (6) months.', 'Notwithstanding the aforesaid in Section 16.1. and any possible           implication to the contrary herein or as a result of the course of           conduct of the parties, NICEshall be entitled, at its sole discretion,           to terminate this Agreement, in whole or in part, at any time during           the Initial Term or the Extended Term, with or without cause, upon a           prior written notice of termination to Contractor of not less than           forty-five (45) Days.']","[""Notwithstanding anything to the contrary contained herein or           otherwise, Contractor's liability to NICE for any indirect, special,           incidental, exemplary or consequential damages as a result of any           claim arising under this Agreement or in connection therewith,           regardless of whether Contractor has been advised of the possibility           of such damages, shall not exceed five million US dollars ($5,000,000)           in the aggregate for all claims, except for infringement of           Intellectual Property rights for which Contractor is liable under           Section 12.6."", ""Notwithstanding anything to the contrary contained herein, NICE'           liability to Contractor for any indirect, special, incidental,           exemplary or consequential damages as a result of any claim arising           under this Agreement or in connection therewith, regardless of whether           NICE has been advised of the possibility of such damages, shall not           exceed five million US dollars ($5,000,000) in the aggregate for all           claims, except for infringement of Intellectual Property rights for           which NICE is liable under Section 12.8."", 'In any event, the total liquidated damages                     as per this Section shall not exceed 5% of the Product                     Price.']",[],[],Israel,1/21/05,Yes,Yes,No,No
DovaPharmaceuticalsInc_20181108_10-Q_EX-10.2_11414857_EX-10.2_Promotion Agreement.pdf,DovaPharmaceuticalsInc_20181108_10-Q_EX-10.2_11414857_EX-10.2_Promotion Agreement.txt,/Users/boudz/Documents/Msc/Dissertation/data/cuad/CUAD_v1/full_contract_txt/Part_I/DovaPharmaceuticalsInc_20181108_10-Q_EX-10.2_11414857_EX-10.2_Promotion Agreement.txt,26789,long,"['This Agreement and any and all matters arising directly or indirectly herefrom shall be governed by and construed and enforced in accordance with the internal laws of the [***] applicable to agreements made and to be performed entirely in such state, including its statutes of limitation but without giving effect to the conflict of law principles thereof.']","['This Agreement shall become effective as of the Effective Date and, unless earlier terminated as provided in this ARTICLE 12, shall extend until the four (4) year anniversary of the Effective Date (the ""Term"").']",['Either Party shall have the right to terminate this Agreement before the end of the Term for its convenience upon [***] written notice to the other Party (and any such termination shall become effective at the end of such [***]); [***].'],"[""NOTWITHSTANDING ANY OTHER PROVISION CONTAINED HEREIN (OTHER THAN AS SET FORTH IN THE SECOND SENTENCE OF THIS SECTION 11.4), IN NO EVENT SHALL DOVA (OR ITS AFFILIATES) OR VALEANT (OR ITS AFFILIATES) BE LIABLE TO THE OTHER OR ANY OF THE OTHER PARTY'S AFFILIATES FOR ANY CONSEQUENTIAL, INCIDENTAL, INDIRECT, SPECIAL, PUNITIVE OR EXEMPLARY DAMAGES (INCLUDING LOST PROFITS) SUFFERED OR INCURRED BY SUCH OTHER PARTY OR ITS AFFILIATES THAT ARISE OUT OF OR RELATE TO THIS AGREEMENT OR IN CONNECTION WITH A BREACH OR ALLEGED BREACH OF THIS AGREEMENT, WHETHER IN CONTRACT, TORT, STRICT LIABILITY OR OTHERWISE, AND REGARDLESS OF ANY NOTICE OF THE POSSIBILITY OF SUCH DAMAGES."", 'Notwithstanding the above, the sole remedy of Dova for breach of this Section 4.1.2 shall be (i) the adjustment to the promotion fee as set forth in Section 6.1.2 and (ii) the termination right set out in Section 12.2.2.']","['Valeant agrees to assign, and hereby does assign, to Dova (and shall cause its Affiliates and its and their respective employees and other representatives to assign to Dova) any and all right, title and interest that Valeant (or any such Affiliates, employees or other representatives) may have in or to any Invention.', 'The ownership, and all goodwill from the use, of any Dova Trademarks and Copyrights shall at all times vest in and inure to the benefit of Dova, and Valeant shall assign, and hereby does assign, any rights it may have in the foregoing to Dova.', 'As between the Parties, Dova shall own all right, title and interest in and to any Product Materials (and all content contained therein) and any Product Labeling (and all content contained therein), including applicable copyrights and trademarks (other than any name, trademark, trade name or logo of Valeant or its Affiliates that may appear on such Product materials or Product Labeling), and to the extent Valeant (or any of its Affiliates) obtains or otherwise has a claim to any of the foregoing, Valeant hereby assigns (and shall cause any applicable Affiliate to assign) all of its right, title and interest in and to such Product Materials (and content) and Product Labeling (and content) (other than any name, trademark, trade name or logo of Valeant or its Affiliates that may appear on such Product materials or Product Labeling) to Dova and Valeant agrees to (and shall cause its applicable Affiliate to) execute all documents and take all actions as are reasonably requested by Dova to vest title to such Product Materials (and content) and Product Labeling (and content) in Dova (or its designated Affiliate).']","['[***], neither Valeant nor its Affiliates shall, directly or indirectly, [***] in the Territory other than the Product; provided that if the Agreement is terminated by Dova pursuant to [***], then any Tail Period shall be immediately terminated if either Valeant or any of its Affiliates, directly or indirectly, [***] in the Territory other than the Product during such Tail Period.']",[* * *],9/26/22,Yes,Yes,Yes,Yes
GRANTIERRAENERGYINC_05_07_2012-EX-10.6-TRANSPORTATION CONTRACT.PDF,GRANTIERRAENERGYINC_05_07_2012-EX-10.6-TRANSPORTATION CONTRACT.txt,/Users/boudz/Documents/Msc/Dissertation/data/cuad/CUAD_v1/full_contract_txt/Part_I/GRANTIERRAENERGYINC_05_07_2012-EX-10.6-TRANSPORTATION CONTRACT.txt,35339,long,['This Manual is governed in all its parts by the applicable regulations of the Republic of Colombia.'],"['TERM OF EXECUTION From January 30, 2012 until July 29, 2012']",[],"['Save the event of gross negligence or willful misconduct, if any claims arise by the SENDER such as the loss of profit, this shall not  exceed twenty five percent (25%) of the value that ECOPETROL is obliged to indemnify the SENDER under this numeral 11.2(d) of the  Contract hereof.', 'Save the event of gross negligence or willful misconduct, pursuant to the provisions in this numeral 11.2, the responsibility of  ECOPETROL under the Contract hereof under no circumstance shall exceed seventy five per cent (75%) of the value of the Crude lost or  damaged by causes attributable to ECOPETROL.']",[],[],Colombia,7/29/12,No,Yes,No,No
HarpoonTherapeuticsInc_20200312_10-K_EX-10.18_12051356_EX-10.18_Development Agreement.PDF,HarpoonTherapeuticsInc_20200312_10-K_EX-10.18_12051356_EX-10.18_Development Agreement.txt,/Users/boudz/Documents/Msc/Dissertation/data/cuad/CUAD_v1/full_contract_txt/Part_I/HarpoonTherapeuticsInc_20200312_10-K_EX-10.18_12051356_EX-10.18_Development Agreement.txt,38518,long,"['This Agreement or the performance, enforcement, breach or termination hereof shall be interpreted, governed by and construed in accordance with the laws of the State of Delaware, United States, excluding any conflicts or choice of law rule or principle that might otherwise refer construction or interpretation of this Agreement to the substantive law of another jurisdiction; provided that all questions concerning (a) inventorship of Patents under this Agreement shall be determined in accordance with Section 7.1.3 and (b) the construction or effect of Patents shall be determined in accordance with the laws of the country or other jurisdiction in which the particular Patent has been filed or granted, as the case may be.']","['This Agreement shall commence on the Effective Date and, unless earlier terminated in accordance herewith, shall continue in force and effect until (a) the date of expiration of the last Royalty Term for the last Licensed Product, or (b) the expiration of the License Option Period and the failure of AbbVie to exercise the License Option (such period, the ""Term"").']","[""AbbVie may terminate this Agreement in its entirety, or on a country or other jurisdiction -by-country or other jurisdiction basis, for any or no reason, upon ninety (90) days' prior written notice to Harpoon.""]","[""EXCEPT (A) FOR FRAUD, WILLFUL MISCONDUCT OR GROSS NEGLIGENCE, (B) FOR A PARTY'S BREACH OF ITS OBLIGATIONS UNDER [ARTICLE 9 OR SECTION 5.8], (C) AS PROVIDED UNDER [***] AND (D) TO THE EXTENT ANY SUCH DAMAGES ARE REQUIRED TO BE PAID TO A THIRD PARTY AS PART OF A CLAIM FOR WHICH A PARTY PROVIDES INDEMNIFICATION UNDER THIS ARTICLE 11, NEITHER PARTY NOR ANY OF ITS AFFILIATES SHALL BE LIABLE FOR INDIRECT, INCIDENTAL, SPECIAL, EXEMPLARY, PUNITIVE OR CONSEQUENTIAL DAMAGES, INCLUDING LOSS OF PROFITS OR BUSINESS INTERRUPTION, HOWEVER CAUSED AND ON ANY THEORY OF LIABILITY, WHETHER IN CONTRACT, TORT, NEGLIGENCE, BREACH OF STATUTORY DUTY OR OTHERWISE IN CONNECTION WITH OR ARISING IN ANY WAY OUT OF THE TERMS OF THIS AGREEMENT OR THE TRANSACTIONS CONTEMPLATED HEREBY OR THE USE OF THE LICENSED COMPOUNDS OR LICENSED PRODUCTS, EVEN IF ADVISED OF THE POSSIBILITY OF SUCH DAMAGES.""]",[],"['Harpoon shall not, and shall cause its Affiliates not to (a) directly or indirectly, develop, commercialize or otherwise exploit any Competing Product in any country or other jurisdiction in the Territory, or (b) license, authorize, appoint, or otherwise enable any Third Party to directly or indirectly, develop, commercialize or otherwise exploit any Competing Product in any country or other jurisdiction in the Territory, except, in each case ((a) and (b)), as otherwise expressly provided in this Agreement.']",Delaware,,Yes,Yes,No,Yes
PhasebioPharmaceuticalsInc_20200330_10-K_EX-10.21_12086810_EX-10.21_Development Agreement.pdf,PhasebioPharmaceuticalsInc_20200330_10-K_EX-10.21_12086810_EX-10.21_Development Agreement.txt,/Users/boudz/Documents/Msc/Dissertation/data/cuad/CUAD_v1/full_contract_txt/Part_II/PhasebioPharmaceuticalsInc_20200330_10-K_EX-10.21_12086810_EX-10.21_Development Agreement.txt,45650,long,"['The construction and validity of this Agreement and the provisions hereof, and the rights and obligations of the Parties hereunder, will be governed by the internal laws of the State of Delaware, USA, and, to the extent applicable to Patents and Trademarks, the applicable federal laws of the USA, in each instance without regard to conflict of laws principles.']","['The term of this Agreement (the ""Term"") will commence on the Effective Date and will expire upon the earliest of (i) termination of this Agreement in accordance with Section 14.2, or (ii) the date of payment of the last Approval Payment due based on all applicable Regulatory Approvals which have been received.']",[],"['TO THE MAXIMUM EXTENT PERMITTED BY LAW AND NOTWITHSTANDING ANY PROVISION IN THIS AGREEMENT TO THE CONTRARY, NEITHER PARTY WILL BE LIABLE TO THE OTHER PARTY FOR ANY INDIRECT, INCIDENTAL, CONSEQUENTIAL, SPECIAL, RELIANCE OR PUNITIVE DAMAGES OR LOST OR IMPUTED PROFITS OR ROYALTIES OR COST OF PROCUREMENT OF SUBSTITUTE GOODS OR SERVICES, WHETHER LIABILITY IS ASSERTED IN CONTRACT, TORT (INCLUDING NEGLIGENCE AND STRICT PRODUCTS LIABILITY), INDEMNITY OR CONTRIBUTION, AND IRRESPECTIVE OF WHETHER THAT PARTY OR ANY REPRESENTATIVE OF THAT PARTY HAS BEEN ADVISED OF, OR OTHERWISE MIGHT HAVE ANTICIPATED THE POSSIBILITY OF, ANY SUCH LOSS OR DAMAGE.', 'THE PARTIES AGREE THAT THE LIMITATIONS SPECIFIED IN THIS SECTION 15.11 WILL APPLY EVEN IF ANY LIMITED REMEDY SPECIFIED IN THIS AGREEMENT IS FOUND TO HAVE FAILED OF ITS ESSENTIAL PURPOSE. WITHOUT LIMITING THE GENERALITY OF THE FOREGOING, ""CONSEQUENTIAL DAMAGES"" WILL BE DEEMED TO INCLUDE, AND NEITHER PARTY WILL BE LIABLE TO THE OTHER PARTY OR ANY OF SUCH OTHER PARTY\'S AFFILIATES, REPRESENTATIVES OR STOCKHOLDERS FOR ANY DAMAGES BASED ON OR MEASURED BY LOSS OF PROJECTED OR SPECULATIVE FUTURE SALES OF THE PRODUCT, ANY PAYMENT DUE UPON ANY UNACHIEVED EVENT UNDER ARTICLE 6, OR ANY OTHER UNEARNED, SPECULATIVE OR OTHERWISE CONTINGENT PAYMENTS PROVIDED FOR IN THIS AGREEMENT.', 'Each Party expressly waives and foregoes any right to consequential, punitive, special, exemplary or similar damages or lost profits.']","['SFJ acknowledges and agrees that, as required by the AZ License, MedImmune shall own and retain all right, title and interest in and to any and all AstraZeneca Product Improvements, AstraZeneca Product Know-How and AstraZeneca Product Patents.', 'In consideration of the Approval Payments to be made under this Agreement (if and to the extent applicable), and in further consideration of the payment by PB to SFJ of [***], SFJ shall sell and transfer to PB, and PB shall acquire from SFJ, the sole and exclusive ownership, even as to SFJ, of the Trial Data Package including all Research Results as set forth below in this Section 11.1.1.4.', 'within [***] after assignment of the Product Filings pursuant to Section 14.3.2, SFJ shall deliver to PB: (a) true, correct and complete copies of all Product Filings in such country (in each case, whether held in the name of SFJ or any of its Affiliates),<omitted>and disclose to PB in writing all previously-undisclosed Research Results within the Trial Data Package; (b) formally transfer or assign, or cause to be formally transferred or assigned, into the name of PB or its designee all Product Filings in such country (in each case, whether held in the name of SFJ or any of its Affiliates); and (c) take such other actions and execute such other instruments, assignments and documents as may be necessary to effect, evidence, register and record the transfer, assignment or other conveyance of such rights to PB or its designee;', 'Within [***] after assignment of such Product Filings in the applicable country, SFJ shall deliver to PB: (a) true, correct and complete copies of all Product Filings in such country (in each case, whether held in the name of SFJ or any of its Affiliates), and disclose to PB in writing all previously-undisclosed Research Results within the Trial Data Package; (b) formally transfer or assign, or cause to be formally transferred or assigned, into the name of PB or its designee all Product Filings in such country (in each case, whether held in the name of SFJ or any of its Affiliates); and (c) take such other actions and execute such other instruments, assignments and documents as may be necessary to effect, evidence, register and record the transfer, assignment or other conveyance of such rights to PB or its designee.', 'SFJ shall cause each employee, individual consultant and Third Party contractor that SFJ or its Affiliate proposes to engage to conduct any Clinical Trial activity under or in connection with this Agreement (including, if applicable, in connection with the Program Transfer Agreement) on its behalf who conceives, discovers, develops or otherwise makes any AstraZeneca Product Improvement under or in connection with activities conducted pursuant to this Agreement to be under an obligation to assign to PB their rights in any such AstraZeneca Product Improvement, so that PB may comply with its obligations with respect to AstraZeneca Improvements, AstraZeneca Product Know-How and AstraZeneca Product Patents under the AZ License.', 'SFJ shall, and hereby does, assign to MedImmune and will cause each of its officers, directors, employees and Affiliates, and its and their respective Permitted Third Parties, to assign to MedImmune all right, title and interest in and to all (i) AstraZeneca Product Improvements that are conceived, discovered, developed or otherwise made by or on behalf of SFJ or any of its Affiliates (including by any of their respective Third Party contractors), (ii) AstraZeneca Product Know-How generated by or on behalf of SFJ or any of its Affiliates (including by any of their respective Third Party contractors), and (iii) AstraZeneca Product Patents claiming any such AstraZeneca Product Improvement(s) or AstraZeneca Product Know-How; in each case, without additional compensation, as is necessary to fully effect the sole ownership provided for in the first sentence of this Section 11.1.1.2(a).', 'to the extent not previously assigned to PB pursuant to Section 11.1.1.4, SFJ shall, and it hereby does, assign sole and exclusive ownership of the Trial Data Package including the Research Results included therein to PB, such assignment to be effective in accordance with Section 11.1.1.4;', ""effective as of such termination, SFJ shall, and it hereby does, assign to PB all of SFJ's and its Affiliates' right, title and interest in and to all Product Filings then owned or Controlled by SFJ or any of its Affiliates; provided that if any such Product Filing is not immediately transferable in a country, SFJ shall provide PB with all benefit of such Product Filing and such assistance and cooperation as necessary or reasonably requested by PB to timely transfer such Product Filing to PB or its designee or, at PB's option, to enable PB to obtain a substitute for such Product Filing without disruption to PB's development or Commercialization of the Product in the SFJ Territory;"", 'SFJ shall cause each employee and individual consultant of such SFJ or its Affiliates (but excluding Permitted Third Parties of SFJ and its Affiliates, which are separately addressed in Section 11.1.1.3(c)) who conceives, discovers, develops or otherwise makes any Trial Invention to be under an obligation to assign to PB their rights in any such Trial Invention.', ""In addition, during the Term, PB shall not take any action to terminate the AZ License without providing [***] prior written notice to SFJ of PB's intent to terminate so that SFJ may, in its sole discretion, elect to obtain the Program Transfer, and if SFJ elects in writing within such [***] period to obtain the Program Transfer, then PB shall not terminate the AZ License but shall assign it to SFJ in accordance with the Program Transfer Agreement and in such event PB shall not be entitled to any royalty payments as set forth in Section 3 of the Program Transfer Agreement."", 'SFJ, for itself and on behalf of its Affiliates, hereby assigns, and shall cause such other Permitted Third Parties to assign (subject to Section 11.1.1.3(c)), to PB all its right, title and interest in and to Trial Inventions and all information and data necessary to support the filing of patent applications Covering such Trial Inventions.', 'Upon approval of a BLA for the Product for the Indication by NMPA in China or PMDA in Japan, SFJ, on behalf of itself and its Affiliates, shall, and hereby does, assign to PB all of SFJ\'s and its Affiliates\' right, title and interest in and to all INDs, BLAs and Regulatory Approvals (including all amendments and supplements to any of the foregoing) and other filings with, and formal submissions to, NMPA or PMDA, respectively, and other applicable Regulatory Authorities in such country, in each case, with respect to the Product in such country (collectively, ""Product Filings"").', 'SFJ shall, and hereby does, assign to MedImmune and will cause each of its officers, directors, employees and Affiliates, and its and their respective Permitted Third Parties, to assign to MedImmune all right, title and interest in and to all Patents filed by or on behalf of PB claiming any Licensed Know-How, without additional compensation, as is necessary to fully effect the<omitted>sole ownership provided for in the second sentence of this Section 11.1.1.1(b).']","['During the applicable Exclusive Period, SFJ shall not, and shall cause its Affiliates not to, either by itself or through a Third Party, conduct human clinical trials of, or sell, offer for sale or have sold:\n\n3.19.1 any Competing Product (other than Product) alone or in combination (whether fixed dose or co-packaged) with one (1) or more other active ingredients;\n\n3.19.2 any combination (whether fixed dose or co-packaged) with one (1) or more other active ingredients of the Product and a Competing Product;\n\n3.19.3 any agent that is intended as an antidote to, or is intended to neutralize, abrogate or reverse the antiplatelet activity of, (i) any Brilinta Competing Product alone or in combination (whether fixed dose or co-packaged) with one (1) or more other active ingredients or (ii) both the Ticagrelor Compound and a Brilinta Competing Product;\n\n3.19.4 without limitation to the foregoing, any agent with dual activity as (i) an antidote to, or for use as an agent to neutralize, abrogate or reverse the antiplatelet activity of, the Ticagrelor Compound and (ii) an antidote to, or for use as an agent to neutralize, abrogate or reverse the antiplatelet activity of, any Brilinta Competing Product; or\n\n3.19.5 any Brilinta Competing Product.']",Delaware,,No,Yes,Yes,Yes
